text,label,prediction(label),confidence(fear),confidence(joy),confidence(love),confidence(sadness),confidence(anger)
takan ragukan besarnya kasih sayang tuhan ,,sadness,0.0,0.0,0.0,1.0,0.0
cebong dungu maksd hati pengen cari kesalahan username username lwat pohon plastik kebongkar skandalnya kasian ahok gantipresiden ,,anger,0.0,0.0,0.0,0.0,1.0
,,love,0.0,0.0,1.0,0.0,0.0
melody membatasi member dibales mentionnya dikenal ,,anger,0.0,0.0,0.0,0.0,1.0
amarah membuatku meluapkan ,,anger,0.0,0.0,0.0,0.0,1.0
error,,fear,1.0,0.0,0.0,0.0,0.0
terima kasih mommy jesica kepercayaan username treatment kehamilan semoga sehat lancar ,,sadness,0.0,7.620548220555179e-134,0.0,1.0,0.0
seminggu nunggu ,,joy,0.0,1.0,0.0,0.0,0.0
,,love,0.0,0.0,1.0,0.0,0.0
semoga tuhan senantiasa menyertai langkahmu ,,fear,1.0,0.0,0.0,0.0,0.0
tenganan festival festival pariwisata unggulan karangasem memiliki tagline karangasemthespiritofbali menjanjikan keunikan adat tradisi budaya adiluhung live event tradisi perang pandan mendunia ,,joy,0.0,1.0,0.0,0.0,0.0
ngerti bayangkan sulit melototi apbd rinci untung gubernurnya ,,fear,1.0,0.0,0.0,0.0,0.0
situasi membuatmu marah merubah aliran timebender ,,sadness,0.0,0.0,0.0,1.0,0.0
kelas,,love,0.0,0.0,1.0,0.0,0.0
username rumah dimana rindu berpulang ,,sadness,0.0,0.0,0.0,1.0,0.0
username namanya kerja profesional ,,anger,0.0,0.0,0.0,0.0,1.0
namanya keberpihakan username username program unggulan okeh ngoce melibatkan warga mengisi tong sampah biar sampah jakarta berasa sampah jerman ,,joy,0.0,1.0,0.0,0.0,0.0
selamat ulang istriku semoga sehat umur ,,joy,0.0,1.0,0.0,0.0,0.0
bagus tindakan hebat sebentar tunjangan hakim ,,anger,0.0,0.0,0.0,0.0,1.0
marah memenuhi pikiranmu sulit berpikir rasional blindedbyanger ,,anger,0.0,0.0,0.0,0.0,1.0
situasi membuatmu marah kehilangan kendali dirimu losingcontrol ,,anger,0.0,0.0,0.0,0.0,1.0
username kasihan ngemis ngemis sodorin nama nama cawapres pilih menit menit pilih cawapresnya tamat cawapres pilihannye ,,anger,0.0,0.0,0.0,0.0,1.0
selamat sore nona username kenalkan ,,sadness,0.0,0.0,0.0,1.0,0.0
jatuh cinta banget poni samping sayang senyum gini ,,joy,0.0,1.0,0.0,0.0,0.0
alhamdulillah happy mkin aktif monthdedek nazhiaputriadhitya sehatterussayang cintaudek ,,love,0.0,0.0,1.0,0.0,0.0
sadari pilihan bersamamu ,,joy,0.0,1.0,0.0,0.0,0.0
alhamdulillah bahagia ramadhan menjembatani syeh palestina hadir masjid pelalawan ,,sadness,0.0,0.0,0.0,1.0,0.0
cinta perasaan hidup intens penuh makna ðÿÿ alivewithlove ,,love,0.0,0.0,1.0,0.0,0.0
ragu bilang rindu kesal keubun ubun kode morse bilang ,,sadness,0.0,0.0,0.0,1.0,0.0
bingung bbrp muka kering parah ,,fear,1.0,0.0,0.0,0.0,0.0
sayang orang sayang ,,love,0.0,0.0,1.0,0.0,0.0
username molor ,,love,0.0,0.0,1.0,0.0,0.0
amarah membuatku kehilangan kendali diriku ,,anger,0.0,0.0,0.0,0.0,1.0
memutuskan daftar gabung volunteer username maret berkesempatan local leaders username volunteer indonesia berkumpul berbagi semangat berbagi ilmu seru banget erbatas ,,joy,0.0,1.0,0.0,0.0,0.0
momen hidup menghargai detik ðÿÿðÿ livingfully ,,love,0.0,0.0,1.0,0.0,0.0
username username dana mengendap bukalapak gara bekukan bukalapak bukti kirim pedagang mengirim barang pesanan membekukan ,,anger,0.0,0.0,0.0,0.0,1.0
berjuang bertahan badai sedih ,,sadness,0.0,0.0,0.0,1.0,0.0
berhadapan bayangan bayangan mencekam facingsinisterfigures ,,fear,1.0,0.0,0.0,0.0,0.0
selamat sore raper tampan ,,love,0.0,0.0,1.0,0.0,0.0
menghancurkan amarah membutakan destructiveurge ,,anger,0.0,0.0,0.0,0.0,1.0
ekhem halo sayang phirel couple tampan couple liat ,,love,0.0,0.0,1.0,0.0,0.0
username kesekian kalinya ,,anger,1.2507588248076426e-28,0.0,0.0,0.0,1.0
motor dijalam bocah bang ,,joy,0.0,1.0,0.0,0.0,0.0
kaget sayang gatau wkwk putus yekan deket ,,sadness,0.0,0.0,0.0,1.0,0.0
momen berusaha keras meledakkan amarahmu containingrage ,,anger,0.0,0.0,0.0,0.0,1.0
kali liat kasur selimut nggak tergoda tergoda baring lantai kipas majalaya emang beda benua bandung ,,sadness,0.0,0.0,0.0,1.0,0.0
udah maghrib ,,fear,1.0,0.0,0.0,0.0,0.0
teman,,love,0.0,0.0,1.0,0.0,0.0
love life ,,love,0.0,0.0,1.0,0.0,0.0
allaaaahhh kesel ,,anger,0.0,0.0,0.0,1.2544813179829284e-97,1.0
kisah tubuh terselimut putih kusadari cinta menghampiriku ,,joy,0.0,1.0,0.0,0.0,0.0
terlahir keluarga bahagia penuh cinta penuh kasih tumbuh sosok penuh karisma memcintai dicinta berjuta manusia ,,sadness,0.0,0.0,0.0,1.0,0.0
username apaa sengajanya ,,love,0.0,0.0,1.0,0.0,0.0
username username username username username jalan makassar bandara kosong tempo padat penuh kendaraan alangkah bodohnya orang username bisanya ,,fear,1.0,0.0,0.0,0.0,0.0
username memikirkan blunder puasa nuduh username username melahirkan koruptor ,,anger,0.0,0.0,0.0,0.0,1.0
kalimat masasih uang kmrn dksh gacukup boros bangetsih ,,sadness,0.0,0.0,0.0,1.0,0.0
melawan dorongan mengamuk melampiaskannya ,,anger,0.0,0.0,0.0,0.0,1.0
username username mnta maap kalik beda perspektif wajar lebay ngapus twit bela simic slama lapor pulisi bhwa korban pelecehan tetep urusan private mreka bdua ,,anger,0.0,0.0,0.0,0.0,1.0
,,love,0.0,0.0,1.0,0.0,0.0
username akui jago komentator analis balan ,,anger,0.0,0.0,0.0,0.0,1.0
hebatnya mardani oeang mulut faktanya capres lagipula koalisinya gerindra nggak yaow ,,anger,0.0,0.0,0.0,0.0,1.0
disaatku berdaya kuasamu sempurna percaya mukjizat nyata kekuatan rohmu yatuhan berdoa mukjizat nyata ,,love,0.0,0.0,1.0,0.0,0.0
terbukti contoh perbuatan ,,anger,0.0,0.0,0.0,0.0,1.0
username username contoh manusia buta matanya tipu muslihat bilang paktanya waras ,,fear,1.0,0.0,0.0,0.0,0.0
lihat profil diisi jokes twitter ritwit keluhan insomnia kunjung habisnya wrong with ,,anger,0.0,0.0,0.0,0.0,1.0
meledak kemarahan ,,anger,0.0,0.0,0.0,0.0,1.0
gini dipepet dikejar orang malem gini lumayan bikin senam jantung kejar kejaran ngebut ,,fear,1.0,0.0,0.0,0.0,0.0
besoknya mamak telpon kemaren bapakmu bandel kali ,,joy,0.0,1.0,0.0,0.0,0.0
kesannya vallen persija wanita sexual harassment bikin kesannya persija dukung sexual harassment simic emang ngawur layak dapet ganjaran ,,anger,0.0,0.0,0.0,0.0,1.0
degdegan gemeter hati tenang ngantuk udah ilang selera makan ilang gimana besok allah takutt banget kalo sampek ngapain ,,anger,0.0,0.0,0.0,6.672608396475349e-149,1.0
disuruh,,anger,0.0,0.0,0.0,8.316094259607031e-108,1.0
berjalan lingkaran kehidupan monoton ,,sadness,0.0,0.0,0.0,1.0,0.0
menikmati denyut jantungku merasakan hirup nafas ,,love,0.0,0.0,1.0,0.0,0.0
wajah terkasih dipuja pipi tirus diusap mata terpejam dikecup membenarkan orang ,,joy,0.0,1.0,0.0,0.0,0.0
kuat jaga harga woles harga dilecehkan adat ketimuran disamain kebablasan woles dilecehin situ perempuan jadian ,,anger,0.0,0.0,0.0,0.0,1.0
ritual kalo tidur nyanyi lagu sayang kaka ,,joy,0.0,1.0,0.0,0.0,0.0
cinta mengalahkan takut keraguan ,,fear,1.0,0.0,0.0,0.0,0.0
pantesan notif video bikin jatuh cinta pandangan adekgemas fever melanda ,,anger,0.0,0.0,0.0,0.0,1.0
dunia tantangan bikin stres sbenarnya obat termanjur dikala gundah melanda nelfon bilang doain kemudiam ktika ,,sadness,0.0,0.0,0.0,1.0,0.0
kemarin lihat puisinya adimas imanuel judulnya love never from ,,joy,0.0,1.0,0.0,0.0,0.0
username username ,,love,0.0,0.0,1.0,0.0,0.0
gimana hadiahnya hadeh bingitt ,,anger,0.0,0.0,0.0,0.0,1.0
cinta cinta sayyidina karromallahu wajhah tidur menggantikan rasulullah ,,love,0.0,0.0,1.0,0.0,0.0
mudik kali bawaan lumayan ,,fear,1.0,0.0,0.0,2.014268149088236e-137,0.0
username username tolol didik kacung mengerti ibadah puasa takut laparrrr rakyat memiliki menikmati tanahnya liang lahatnya ,,anger,0.0,0.0,0.0,0.0,1.0
acara tahunan sanusi family ,,fear,1.0,0.0,0.0,0.0,0.0
kayanya kalo shopee emang nitip akun orang ,,sadness,0.0,0.0,0.0,1.0,0.0
pacaran diputusin karna istiqomah konon hijrah ,,sadness,0.0,0.0,0.0,1.0,7.901347424888744e-75
marah membuatmu menghancurkan jalanmu destructiveimpulse ,,anger,0.0,0.0,0.0,0.0,1.0
lakukan dasar cinta ,,love,0.0,0.0,1.0,0.0,0.0
makasih doanya genks dukung nyangka maju tahan maygad makasi bambang lurah pondok cabe dukung nonton love genks ,,anger,0.0,0.0,0.0,0.0,1.0
kali liat mino ketawa senyum ikutan senyum semangat song mino will always with ,,sadness,0.0,0.0,0.0,1.0,0.0
lidah,,love,0.0,0.0,1.0,0.0,0.0
sayang trainee ngeharep debut gitu lolos feel like they deserve that ,,anger,0.0,0.0,0.0,0.0,1.0
doang ngakak nonton username username mochtar ngabalin hahaaa ,,anger,0.0,0.0,0.0,0.0,1.0
username kadang enggan menghubungi kondektur larut malam kritik harapan pengecekan berkala dijadikan ,,anger,0.0,0.0,0.0,0.0,1.0
askmf beraniin line duluan sampe skrng masi takut buka line aplkasinya stop gada notif takut gadibaless ,,sadness,0.0,0.0,0.0,1.0,0.0
baiknya gubernur anies baswedan dimosi percaya biar lengser username username username username username username username username username username ,,anger,0.0,0.0,0.0,0.0,1.0
bahahahahajahahhaaa penyakit emanggg udahh wkwkw tahan ampe agustus lisa kekokas niatnya liat lisa ngeri ujungnya kemana ,,fear,1.0,0.0,0.0,0.0,0.0
pokoknya sayang serius gabohong love youu xeno ,,joy,0.0,1.0,0.0,0.0,0.0
username benihbenih cinta ngomong pake bahasa indo ,,sadness,0.0,0.0,0.0,1.0,0.0
ceritain apapun ttglo sbnrnya buka ngga pengen ,,sadness,0.0,0.0,0.0,1.0,0.0
suka,,love,0.0,0.0,1.0,0.0,0.0
aneh wanita dilecehin ngelawan ,,anger,0.0,0.0,0.0,0.0,1.0
kurangi sampah plastik baiknya alasan gedein bujet kampanye seremoni kongkrit ,,anger,0.0,0.0,0.0,0.0,1.0
krna penyanyi dangdut pake baju seksi manggung trima chat kaya pesepak bola penyampaiannya diputer puter ,,anger,0.0,0.0,0.0,0.0,1.0
bodoamat kuping paginya budeg ,,joy,0.0,1.0,0.0,0.0,0.0
kadang suka miris liat jalan daerah pelosok dibangun pemerintah pusat nyediain pedestrian pisan ,,anger,0.0,0.0,0.0,0.0,1.0
mayoritas kakak kakaknya dateng sepulang kerja ,,fear,1.0,0.0,0.0,0.0,0.0
menemukan lagu langsung membuatmu menari henti ðÿ dancefever ,,joy,0.0,1.0,0.0,0.0,0.0
cinta menutup logikaku meniupkan sukmanya hatiku apapun lakukan sempurna bagiku ,,sadness,0.0,0.0,0.0,1.0,0.0
meledak marahku ,,anger,0.0,0.0,0.0,0.0,1.0
amarah membuatku meledak singkat ,,anger,0.0,0.0,0.0,0.0,1.0
ketimpangan sosial picak mata kaum kampret model memutarbalikan fakta tolol mikirnya ,,anger,0.0,0.0,0.0,0.0,1.0
username rumah kuenya ,,love,0.0,0.0,1.0,0.0,0.0
cinta dije hahahahahahahahaha goodnayt mimimingg menyelesaikan meng approve usulan daerah ,,sadness,0.0,0.0,0.0,1.0,7.09357871626505e-116
username username yaelah sabar lebaran monyet engga ditanggapin cepat kalo engga diserang follow tajam langsung plasa telkom telepon pengalaman banget telkom ,,joy,0.0,1.0,0.0,0.0,0.0
badai mengamuk diriku marahku ,,anger,0.0,0.0,0.0,0.0,1.0
jatibaru,,love,0.0,0.0,1.0,0.0,0.0
berjuang menahan marah memuncak ,,anger,0.0,0.0,0.0,0.0,1.0
kemarahan membuatku menghancurkan ,,anger,0.0,0.0,0.0,0.0,1.0
okay emosi kaya alah control emosi ,,sadness,0.0,0.0,0.0,1.0,0.0
terseram,,love,0.0,0.0,1.0,0.0,0.0
momen pasanganmu memiliki ikatan kuat ,,love,0.0,0.0,1.0,0.0,0.0
terjebak labirin takut mencekam terrifyinglabyrinth ,,fear,1.0,0.0,0.0,0.0,0.0
pjlnn kereta jogja indah ,,sadness,0.0,0.0,0.0,1.0,0.0
generasi jara pacoa terik pagi mengantarkan pantai termasyhur namanya bima pantai kalaki ,,joy,0.0,1.0,0.0,0.0,0.0
dekati zina zina mudah supir truk laki suka jajan sadar supir truk taubat ,,fear,1.0,0.0,0.0,0.0,0.0
cegah radikalisme mohon deskripsikan batasan radikalisme batasannya kriminalisasi ajaran islam ,,fear,1.0,0.0,0.0,0.0,0.0
askmf serius nanya ,,fear,1.0,0.0,0.0,0.0,0.0
pejuang vallen aset bangsa tersisa direbut bangsa diam oldmoneygakngerasain ,,sadness,0.0,0.0,0.0,1.0,0.0
kali mengingatnya ,,sadness,0.0,0.0,0.0,1.0,0.0
sahabat,,love,0.0,0.0,1.0,0.0,0.0
wowo pemaf maaf pendendam akun bwat delcon picik otak ,,anger,0.0,0.0,0.0,0.0,1.0
username username username username username username semoga lebaran kegembiraan ,,joy,0.0,1.0,0.0,0.0,0.0
mendalam terhubung nilai tujuan hidup ,,joy,0.0,1.0,0.0,0.0,0.0
nggak ngerti ciwi ciwi nyinyirin vallen ,,anger,0.0,0.0,0.0,0.0,1.0
menghela napas telingaku ,,fear,1.0,0.0,0.0,0.0,0.0
cerita magrib sempet rumah nganterin adek bukber ,,fear,1.0,0.0,0.0,0.0,0.0
mbak,,love,0.0,0.0,1.0,0.0,0.0
username username username username viralkan ngaji jokowi tukang kriminal ulama prabowo ,,fear,1.0,0.0,0.0,0.0,0.0
,,love,0.0,0.0,1.0,0.0,0.0
kangen pengen meluk pengen berduaan tunggu sampe love sayang username ,,love,0.0,0.0,1.0,0.0,0.0
kemarin ganti susah ,,fear,1.0,0.0,0.0,0.0,8.321572435846312e-59
langsung,,love,0.0,0.0,1.0,0.0,0.0
udah takut belok miring jatoh konyol jatoh masuk jurang benjol ,,fear,1.0,0.0,0.0,0.0,0.0
ganti ganti kali menyiksa batin axis ,,sadness,0.0,0.0,0.0,1.0,0.0
diatas langit langit kepentingan politik negri pragmatis mendukung kepentingan domestik sekedar sentimen negara donor terbesar palestina ,,sadness,0.0,0.0,0.0,1.0,0.0
ngomong kayaknya dendam anies disakiti anies salah anies kpdmu dendam klmpok puny ,,anger,0.0,0.0,0.0,0.0,1.0
rosulullah,,love,0.0,0.0,1.0,0.0,0.0
dikampung ngerti udahlah beli amplop lebaran lucu lucu isiin duit udah bener ,,fear,1.0,0.0,0.0,0.0,0.0
takut,,love,0.0,0.0,1.0,0.0,0.0
username gubernur jakarta trotoar pejalan kaki dirapikan dijadikan berdagang jalan kaki satrio pedestrian sungguh nyaman ,,sadness,0.0,0.0,0.0,1.0,0.0
username paket resi tertahan kurir toha bandung mohon dilanjutkan pengirimannya ,,anger,0.0,0.0,0.0,0.0,1.0
mencintai dicintai hadiah terindah hidup ,,love,0.0,0.0,1.0,0.0,0.0
ngelatih dikasih amanat tugas master ngelatih atlet korea international semoga pelatih profesional ,,joy,0.0,1.0,0.0,0.0,0.0
suka,,love,0.0,0.0,1.0,0.0,0.0
,,love,0.0,0.0,1.0,0.0,0.0
terdidik budaya malu ,,joy,0.0,1.0,0.0,0.0,0.0
instagram hits ,,joy,0.0,1.0,0.0,0.0,0.0
allah masha allah allah kasihkan gunung dosa himpun ,,anger,0.0,0.0,0.0,0.0,1.0
cinta membantumu dimanapun memintanya ,,love,0.0,0.0,1.0,0.0,0.0
username gimana jelasinnya wkwkwk orang kalinya bikin degdegan ,,love,0.0,0.0,1.0,0.0,0.0
username kubu doyan mempolitisir agama ,,fear,1.0,0.0,0.0,0.0,0.0
username username username username username username username username lihat bajunya ,,fear,1.0,0.0,0.0,0.0,0.0
merasakan hampa mendalam ,,sadness,0.0,0.0,0.0,1.0,0.0
temen ngga ketemu main kedai ,,joy,0.0,1.0,0.0,0.0,0.0
seakan apanya nikah nikah nikah nikah nikah nikah nikah nikah nikah hmmmmm kepala isinya nikah ngapa nikah gampang apah ,,fear,1.0,0.0,0.0,0.0,0.0
bahagiaku bersamamu ,,love,0.0,0.0,1.0,0.0,0.0
cinta menghadirkan kebahagiaan mengalami kesulitan bringingjoy ,,love,0.0,0.0,1.0,0.0,0.0
username username username ,,love,0.0,0.0,1.0,0.0,0.0
aqilah cinta hatiku ,,love,0.0,0.0,1.0,0.0,0.0
ngeri bacanya ibuku bilang gitu ,,anger,0.0,0.0,0.0,0.0,1.0
ngoceh artis follow masku ngoceh dikit temen kerja komentar haha kasian beli tiket mahal salaman kaga folbek like pfftt males ngobrol orang gblk emang ,,joy,0.0,1.0,0.0,0.0,0.0
sayang kesabaran peduli materi janjibila menyediakan menghadapi kelemahan falafu ,,joy,0.0,1.0,0.0,0.0,0.0
swear kalo ngechat balas secepat kilat dibales kalo dichat gitu ,,anger,0.0,0.0,0.0,0.0,1.0
meruntuhkan egoku mudah ,,love,0.0,0.0,1.0,0.0,0.0
nyadar warga aceh kena dirisendiri salah pejabat aturan ,,joy,0.0,1.0,0.0,0.0,0.0
,,love,0.0,0.0,1.0,0.0,0.0
diam lawan memparalat hukum tujuan kekuasaan diam lawan front linernya komunis berkedok pancasila ,,anger,0.0,0.0,0.0,0.0,1.0
modal haha haha bareng jatuh cinta nyaman sereceh ,,joy,0.0,1.0,0.0,0.0,0.0
mrasa kangen berjalan memegang tangannya ,,love,0.0,0.0,1.0,0.0,0.0
ngakak liatnya wkwk ,,joy,0.0,1.0,0.0,0.0,0.0
indahnya jatuh cinta orang suka ,,love,0.0,0.0,1.0,0.0,0.0
protes warga terima anaknya diterima masuk negeri kualitas sekolah negeri anak sukses biayanya murah zaman sulit ,,joy,0.0,1.0,0.0,0.0,0.0
marah kesakitan painfulanger ,,love,0.0,0.0,1.0,0.0,0.0
mudaku belajar berkelana kelak menikah melulu pekerjaan rumah tangga mengajakmu berkelana singgahi bilang memeluk terimakasih sayang ,,sadness,0.0,0.0,0.0,1.0,0.0
kupeluk engkau erat merebut pelukan happy anniversary months ,,love,0.0,0.0,1.0,0.0,0.0
username bali username beraksi menangkap tikus korupsi pejabat bali jalur presiden username enggan sungkan takut menangkap koruptor merugikan anggaran negara ,,anger,0.0,0.0,0.0,0.0,1.0
ngomong pokoknya sayang longguo ,,love,0.0,0.0,1.0,0.0,0.0
senyum ramah lohh fansnya angkuh rodo ngadoh piee ngono rasakne sumpah wagu polahmu ,,anger,0.0,0.0,0.0,0.0,1.0
momen mengubah realitas kekuatan amukanmu ðÿâ realitychanger ,,anger,0.0,0.0,0.0,0.0,1.0
cerita cerita cerita harap hubungan suami isteri halal huhu bawa main cerai bahaya ,,anger,0.0,0.0,0.0,0.0,1.0
ombak pantai parangtritis jogja ngeri ,,fear,1.0,0.0,0.0,0.0,0.0
jenniku sanagat cantik menggemaskan bayi sayang banget kamuuu imutan bayi ,,fear,1.0,0.0,0.0,0.0,0.0
menemukan film buku menginspirasi menggugah emosi ,,sadness,0.0,0.0,0.0,1.0,0.0
ngomong udah ngawur kasihan dijadikan kambing hitam terooos ,,joy,0.0,1.0,0.0,0.0,0.0
persahabatan filosopi ,,love,0.0,0.0,1.0,0.0,0.0
cinta pertamamu mengubah fisikmu ,,anger,0.0,0.0,0.0,0.0,1.0
tolong gimana ,,fear,1.0,0.0,0.0,9.68724e-319,7.62212898981758e-187
andai sehari ,,anger,0.0,0.0,0.0,0.0,1.0
username username klarifikasi ustadz zulkifli hadits kebanyakan dhaif umur umat islam dianggap remeh skrg perbanyak amal sholeh smkn smkn sulit berda ,,joy,0.0,1.0,0.0,0.0,0.0
username ridiella cantik banget gemeees makasih sayang ,,love,0.0,0.0,1.0,0.0,0.0
merobek sekitarku marah ,,anger,0.0,0.0,0.0,0.0,1.0
momen terhubung emosi pikiran ,,love,0.0,0.0,1.0,0.0,0.0
icut skip skip ,,sadness,0.0,0.0,0.0,1.0,0.0
jeno ganteng banget ,,love,0.0,0.0,1.0,0.0,0.0
pengen resign takut better ,,fear,1.0,0.0,0.0,0.0,0.0
username hallo kuota dipakai kuota udah habis mohon bantuannya ,,sadness,0.0,0.0,0.0,1.0,0.0
oppa tetep dengerin curhatan ,,love,0.0,0.0,1.0,0.0,0.0
cinta menyala ,,joy,0.0,1.0,0.0,0.0,0.0
merinding menyentuh pundakku ,,joy,0.0,1.0,0.0,0.0,0.0
marbot masjid semester sahuuuur sahuuur sahuuuuur buruan sahur skripsi dilanjutin diliat liatin niat lulus vallen mulu kampret ahhh ,,sadness,0.0,0.0,0.0,1.0,0.0
batalin sampah made jerman terlanjur diadakan sebelumnnya gimana belah biar ahoker happy kerjanya nyinyirin gubernur anies ,,anger,0.0,0.0,0.0,0.0,1.0
rame sexual harassment gara vallen bnyk kontra kontra ,,anger,0.0,0.0,0.0,0.0,1.0
bahagia pisces ,,love,0.0,0.0,1.0,0.0,0.0
takut kematian dibenarkan ketakutan ,,sadness,0.0,0.0,0.0,1.0,0.0
jatuh sakit penyakit membuatku jatuh cinta dirimu berharap menular ,,fear,1.0,0.0,0.0,6.475104102374202e-91,0.0
kalo liat orang naek motor lampu seinnya nyala ngga belok ,,joy,0.0,1.0,0.0,0.0,0.0
username pejabat korupsi contoh buruk masyarakat tunjukan taring daerah blom sentuh ,,anger,0.0,0.0,0.0,0.0,1.0
enam dikota ketiga ,,sadness,0.0,0.0,0.0,1.0,0.0
nanya username paketin internet berbagi ,,joy,0.0,1.0,0.0,0.0,0.0
rela pergi pagi menemui rela pulang malam menemani alasannya jalani sayang untukmu ragu sayang cinta untukmu biarine jalan ,,love,0.0,0.0,1.0,0.0,0.0
hahahaha alay ngancem ngereport spam ,,anger,0.0,0.0,0.0,0.0,1.0
desi sayang ,,love,0.0,0.0,1.0,0.0,0.0
nantikan malam melelapkan tidurmu sebelahku ,,fear,1.0,0.0,0.0,0.0,0.0
evaluasi dikit nyinyirin masalalu negara bangun hidup kemunduran kemerosotan moral gimana bangkit masalalu sibuk asik mengkritisi masalalu memikirkan kewajiban didepan mata ,,anger,0.0,0.0,0.0,0.0,1.0
gede gampang filter temen ,,joy,0.0,1.0,0.0,0.0,0.0
melewati,,fear,1.0,0.0,0.0,0.0,0.0
halohaa selamat siang denise udah pulang sekolah lupa makan siang ,,love,0.0,0.0,1.0,0.0,0.0
username username username bbrp disediakan contohnya pasar gembrong dipakai trotoar menghargai pedagang negeri aturan happy ,,joy,0.0,1.0,0.0,0.0,0.0
sepakat,,sadness,0.0,0.0,0.0,1.0,0.0
ngaku haha enga enak ,,anger,0.0,0.0023168286907157,0.0,0.0,0.9976831713092844
orang ngasih berobat ,,joy,0.0,1.0,0.0,0.0,0.0
jatuh cinta tidur kepikiran bikin bahagia karuan pdkt pacaran indah ,,sadness,0.0,0.0,0.0,1.0,0.0
bahaya gitu amit karna kepolosan sieun disuruh motong hayam motong sapi goreng bala bala ,,fear,1.0,0.0,0.0,0.0,0.0
coba dengerin album jatoh cinta sealbum identify abis nonton jaman debut naaah belajar dikit comeback just right ,,love,0.0,0.0,1.0,0.0,0.0
mbak erning ,,love,0.0,0.0,1.0,0.0,0.0
merasakan kehilangan mendalam ,,love,0.0,0.0,1.0,0.0,0.0
meraih pencapaian olahraga kegiatan fisik ,,sadness,0.0,0.0,0.0,1.0,0.0
ninggalin nyakitin sayang icintayou sayang ,,love,0.0,0.0,1.0,0.0,0.0
bahagiain orang bahagianya ,,fear,1.0,0.0,0.0,0.0,0.0
meledak amarah tertahan almostexploding ,,anger,0.0,0.0,0.0,0.0,1.0
masjid dianggap munculnya radikalisme pola pikir terbawa sekenario ,,joy,0.0,1.0,0.0,0.0,0.0
gimana bunda sayang kalo semanis muncul mimpi bunda bunda seneng dipanggil cerita cerita ,,sadness,0.0,0.0,0.0,1.0,0.0
temenku namanya helen kemarin sengaja bandara dateng rela masternim sayang huhuhu ,,sadness,0.0,0.0,0.0,1.0,0.0
allah ketularan orang genre musik giniehh lucu lagunya dibagian emang manjahhh pingin manjahhh ,,joy,0.0,1.0,0.0,0.0,0.0
cinta menghargai keragaman keindahan perbedaan ðÿ celebratingdiversity ,,joy,0.0,1.0,0.0,0.0,0.0
untukmu qyaraku jaga bahagia ibumu jaga senyum diwajahnya senyum rindukan ,,joy,0.0,1.0,0.0,0.0,0.0
username gini daftar akun pelaut data bolak ganti email mohon pencerahannya ,,sadness,0.0,0.0,0.0,1.0,0.0
parah,,love,0.0,0.0,1.0,0.0,0.0
username selamat pagi test ,,joy,0.0,1.0,0.0,0.0,0.0
liat temen temen udah kewong ngeri mikirin sampe kewong dengernya kepikiran takut ,,sadness,0.0,0.0,0.0,1.0,0.0
ganteng,,love,0.0,0.0,1.0,0.0,0.0
jakarta bilang mengajak main jogja ajak main bacot doang ,,anger,0.0,0.0,0.0,0.0,1.0
gitasav ngomong sexual harassment ,,anger,0.0,0.0,0.0,0.0,1.0
kayak trauma laki laki karna ayah semenjak lulus sekolah puber suka cowo ,,fear,1.0,0.0,0.0,0.0,0.0
wondering someone rebel ,,fear,1.0,0.0,0.0,0.0,0.0
produce versi indonesia pelatih dance agnes monica ,,love,0.0,0.0,1.0,0.0,0.0
udah setua ,,love,0.0,0.0,1.0,0.0,0.0
sumpah warga negara thailand bencana nasional gini bantu tuding bacot berasa bener ,,anger,0.0,0.0,0.0,0.0,1.0
liat fokus cari duda mapan dewasa ajak nikah nyokap beresin kasih anak kandungnya dipestain mewah lgsg suami stay negaranya soon tercapai ,,sadness,0.0,0.0,0.0,1.0,0.0
cinta membangun kenangan terlupakan ,,joy,0.0,1.0,0.0,0.0,0.0
perasaan takut menghantui mimpi mimpi malammu ,,fear,1.0,0.0,0.0,0.0,0.0
tersulah,,love,0.0,0.0,1.0,0.0,0.0
cinta pilihan ,,fear,1.0,0.0,0.0,6.978232012878566e-285,0.0
musim terindah nyalakan pagi senyumanmu payungi siang sapamu ,,joy,0.0,1.0,0.0,0.0,0.0
model halal ,,anger,0.0,0.0,0.0,0.0,1.0
dunia keras menghadapinya lembek hidup ,,fear,1.0,0.0,0.0,0.0,0.0
momen amarahmu ledakan supernova memancarkan cahaya kegelapan ðÿÿ supernovarage ,,fear,1.0,0.0,0.0,0.0,0.0
late post mumpung cerah upload seger ,,joy,0.0,1.0,0.0,0.0,0.0
ditinggal partner mudik ,,sadness,0.0,0.0,0.0,1.0,0.0
sayang banget orang semoga sehat bahagia ,,love,0.0,0.0,1.0,0.0,0.0
sayang banget anak yaampuuuuuunnn coba nandingin dance badan karet tulangnya maju wkwkwkw ,,sadness,0.0,0.0,0.0,1.0,0.0
mikir apasi update ,,fear,1.0,0.0,1.4949244994148635e-67,0.0,0.0
lagu kayaknya hits enak ensenang just give reason kara ,,joy,0.0,1.0,0.0,0.0,0.0
amarahmu meluap membuatmu mengendalikannya overflowinganger ,,anger,0.0,0.0,0.0,0.0,1.0
jari jarinya jago gatau kali betapa menyiksanya berjam minggu ruang konsultasi nyeritain bikin ketakutan nginjek kaki rumah ,,joy,0.0,1.0,0.0,0.0,0.0
username bismillah ,,joy,0.0,1.0,0.0,0.0,0.0
momen terhubung mengenal eternalconnection ,,love,0.0,0.0,1.0,0.0,0.0
make sure ngatain orang jelek ,,anger,0.0,0.0,0.0,0.0,1.0
girlfriend always pujuk merajuk because dont want lose perasaan takut automatik sayang ,,sadness,0.0,0.0,0.0,1.0,0.0
heran driver gocar ngeluh macet kayak ngeluh kerja terserah ,,sadness,0.0,0.0,0.0,1.0,0.0
odong bohong odong haha bawa krts ,,fear,1.0,0.0,0.0,0.0,0.0
pengen nonton film dibioskop tiket ,,fear,1.0,0.0,0.0,0.0,0.0
wasit kemarin kepemimpinan bagus apan ,,anger,0.0,0.0,0.0,0.0,1.0
bikin status sosmed ngejelekin pacarna cewek giliran hadiah ajak jalan bikin status muntahin ajan ,,joy,0.0,1.0,0.0,0.0,0.0
miris,,sadness,0.0,0.0,0.0,1.0,0.0
selamat sayang ,,love,0.0,0.0,1.0,0.0,0.0
udah username project jatohnya scam fraud ,,anger,0.0,0.0,0.0,0.0,1.0
serius takut botak gara rontok parah potong rambut salon ,,fear,1.0,0.0,0.0,0.0,0.0
beburu cari provider ,,anger,0.0,0.0,0.0,0.0,1.0
dear username username username coba kaya sampe minus kaget bangun nyalain langsung palakin gitu makasih ,,sadness,0.0,0.0,0.0,1.0,0.0
pagi nonton berita headline bikin takut suami bunuh istri ,,anger,0.0,0.0,0.0,0.0,1.0
jatuh cinta ryan gosling notebook bosan nonton ulang land udah kali nonton land mata sayu ,,love,0.0,0.0,1.0,0.0,0.0
cinta dukungan terbatas berlindung badai shelteroflove ,,joy,0.0,1.0,0.0,0.0,0.0
kalo lihat kasmaran ngomong cinta ,,love,0.0,0.0,1.0,0.0,0.0
tersadar menceritakan mantan pacar ,,sadness,0.0,0.0,0.0,1.0,0.0
momen amarahmu menghancurkan sekitarmu destructiverage ,,anger,0.0,0.0,0.0,0.0,1.0
,,love,0.0,0.0,1.0,0.0,0.0
mencekam merasakan perasaan dingin wajar sekitarku ,,fear,1.0,0.0,0.0,0.0,0.0
darenya kalo salah pergi ,,love,0.0,0.0,1.0,0.0,0.0
ngurus jujur ,,sadness,0.0,0.0,0.0,1.0,0.0
kesel orang kalo duduk lesehan gitu lega ,,joy,0.0,1.0,0.0,0.0,0.0
kalo cowo suka serius cewe nunjukin usahanya disukai cewenya berusaha disukai orangtua cewenya hehe ,,joy,0.0,1.0,0.0,0.0,0.0
marah mengubah realitas ðÿðÿ realitywarper ,,anger,0.0,0.0,0.0,0.0,1.0
berasa baca novel ,,joy,0.0,1.0,0.0,0.0,0.0
perempuan cantik ,,love,0.0,0.0,1.0,0.0,0.0
cinta energi mengajarkan memaafkan melupakan ,,love,0.0,0.0,1.0,0.0,0.0
username username mending ngusut teroris pertahanan perdamaian nkri etdah ,,joy,0.0,1.0,0.0,0.0,0.0
indonesia brisik kampung orang jual susah ,,fear,1.0,0.0,0.0,0.0,0.0
sayang banget ,,love,0.0,0.0,1.0,0.0,0.0
serem malem malem akibat cerita nyokap kalo adik iparnya hantu kereta hantu gitu lenteng agung tebet kayanya ,,fear,1.0,0.0,0.0,0.0,0.0
momen amarahmu olah terbakar burningrage ,,anger,0.0,0.0,0.0,0.0,1.0
cinta menghargai perjalanan ,,love,0.0,0.0,1.0,0.0,0.0
indonesia milih artis difilter apaya yonglek gini followersnya bagusnya maju coba indonesia allah ,,joy,0.0,1.0,0.0,0.0,0.0
username username username pakai ,,fear,1.0,0.0,0.0,0.0,2.6996278547967213e-119
terhubung tujuan hidup mimpi ,,love,0.0,0.0,1.0,0.0,0.0
kelaperan stasiun beli paket roti duduk nyruput ,,anger,0.0,0.0,0.0,0.0,1.0
anjiir vallen digituin casually angry emang kaya gitu sebiasa orang negara eropa ,,anger,0.0,0.0,0.0,0.0,1.0
username sinis menegur kumpulan kelas doktoral jokes sexual mengarah harassment abuse really korelasi sekolah perilaku ,,anger,0.0,0.0,0.0,0.0,1.0
username bilang gitu kerja bener mending plenga plengo kerja nyata hasil drpd nyinyir hasil sukses pakde username pendukungnya ,,anger,0.0,0.0,0.0,0.0,1.0
pandangan mata ,,love,0.0,0.0,1.0,0.0,0.0
username username kalo jakarta jago nyembunyiin buktinya perusahaan offshore bikin namanya muncul panama paper jago banget temuin bukti ,,anger,0.0,0.0,0.0,0.0,1.0
sehari betah ,,sadness,0.0,5.576796580919969e-207,0.0,1.0,0.0
orang niat banget bikin akun gaib memaki memarahi orang marah akun gaib ,,anger,0.0,0.0,0.0,0.0,1.0
username takut jalanan rame ,,fear,1.0,0.0,0.0,0.0,0.0
kuliner hitz yogyakarta namanya ceplukan jaman suka mencari ceplukan kebun ,,joy,0.0,1.0,0.0,0.0,0.0
nntn seru finally mikir trnyata serunya krna proses pnangkapan kilah dikeluarka tersangk konyol kwkwkwk ,,joy,0.0,1.0,0.0,0.0,0.0
spontan nyalain flash nyari tissue lupa senter kamar sejajar lokasi tetesan ,,anger,0.0,0.0,0.0,0.0,1.0
marah meluap luap meledak readytoexplode ,,anger,0.0,0.0,0.0,0.0,1.0
semoga kedepannya kejadian barista username gancit ngeselin pesen espresso pahit manis kopi jual barang murah ,,sadness,0.0,0.0,0.0,1.0,0.0
driver gojek ,,joy,0.0,1.0,0.0,0.0,0.0
mempelajari cinta kasih kerendahan hati pencapaian tertinggi sekolah kristus bukti cemerlang guru john newton ,,sadness,0.0,0.0,0.0,1.0,0.0
cinta merasakan kedamaian kenyamanan ,,love,0.0,0.0,1.0,0.0,0.0
cerita horor malam huehehe bobo mandi biar dingin selimutan langsung bobo gitu udah mandi semprot muka pake mawar ,,sadness,0.0,0.0,0.0,1.0,0.0
jahat banget mbaknya ,,anger,0.0,0.0,0.0,0.0,1.0
menganggap sexual harrassment wajar alias seneng kalo ngelecehin vallen speak udah tindakan bener warning laki ,,anger,0.0,0.0,0.0,0.0,1.0
cinta energi menerima mencintai ,,love,0.0,0.0,1.0,0.0,0.0
allah membebani sesuai kesanggupannya pahala kebajikan diusahakannya siksa kejahatan dikerjakannya baqarah kuncinya usaha cari jalan solusinya ,,anger,0.0,0.0,0.0,8.33848189525423e-258,1.0
kesatuan bong hahaha habibie mencopot jabatan prabowo ulah wiranto ,,anger,0.0,0.0,0.0,0.0,1.0
selamat pulang ngantor selamat bermacet ,,love,0.0,0.0,1.0,0.0,0.0
hati bergetar kemarahan kuat ,,love,0.0,0.0,1.0,0.0,0.0
matahari terbenam perasaan hampa ,,love,0.0,0.0,1.0,0.0,0.0
alasan rela begadang ,,love,0.0,0.0,1.0,0.0,0.0
mengerikan lucu ,,fear,1.0,0.0,0.0,0.0,0.0
cerita dikisahkan istrinya gabisa keturunan ,,love,0.0,0.0,1.0,0.0,0.0
shawn mendes kalo nyanyi liat orangnya ,,joy,0.0,1.0,0.0,0.0,0.0
tema photo putri popok tidur siang hahahaha halo photo kimora username posting kimora lahir mohon doanya makasi ,,joy,0.0,1.0,0.0,0.0,0.0
momen perasaan takut melumpuhkanmu ,,love,0.0,0.0,1.0,0.0,0.0
username username menggelikannya emang kitabnya lempar lempar koin menggelikan ,,anger,0.0,0.0,0.0,0.0,1.0
ngurusin neraka orang ,,anger,0.0,0.0,0.0,0.0,1.0
baca,,fear,1.0,0.0,0.0,0.0,0.0
sebenernya penjemputan taxol ,,love,0.0,0.0,1.0,0.0,0.0
mbak suka ributin bodigardnya vela sukanya muterin halaman kosan maap mbak ,,sadness,0.0,0.0,0.0,1.0,0.0
rumor umpatan ,,fear,1.0,0.0,0.0,0.0,0.0
momen perasaan takut membuatmu berlari henti endlessrunning ,,sadness,0.0,0.0,0.0,1.0,0.0
anak tertawa riang hati hangat berbunga bunga childlikejoy ,,love,0.0,0.0,1.0,0.0,0.0
membatasi chatan main terserah karna larang kesempatan orang bohongin gede terserah ensenang menjalani hubungan iniw ,,anger,0.0,0.0,0.0,0.0,1.0
makasih semangat ,,love,0.0,0.0,1.0,0.0,0.0
olahraga username ,,love,0.0,0.0,1.0,0.0,0.0
username username maksud orang muslim meninggal shalattin beda politik islam berpolitik baginda nabi mengajarkan pantaskah partai dakwah ,,anger,0.0,0.0,0.0,0.0,1.0
emosi mentionan sheungwanie ,,love,0.0,0.0,1.0,0.0,0.0
sungguh cinta sejati orang sadar didekati orang kimiawi engkau sukai dekatilah tuhan menjadikan percik percikan reaksi kimia ,,sadness,0.0,0.0,0.0,1.0,0.0
username,,love,0.0,0.0,1.0,0.0,0.0
amarah membuatku meluapkan ,,anger,0.0,0.0,0.0,0.0,1.0
gitasav same case different reaction gitasav orang salah fokus gitasav ngerespon helmi salah fokus grammatical error ,,sadness,0.0,0.0,0.0,1.0,0.0
username username ,,love,0.0,0.0,1.0,0.0,0.0
sebel sekdes ,,anger,0.0,0.0,0.0,0.0,1.0
kesetiaan cinta diuji sakit hehe ngeliat sayangnya papa ngeliat papa capenya ngurusin nenek kakek sakit huhu berlinang ngomongin papa ,,sadness,0.0,0.0,0.0,1.0,0.0
mendengar suara langkah belakangku ,,fear,1.0,0.0,0.0,0.0,0.0
semoga anak thailand selamat yahhh kalo dokumenter asliii bikin merinding baca thread orang merinding akuny ,,fear,1.0,0.0,0.0,0.0,0.0
sekolah kucek kucek mata abis bulu mata rontok auto panik ,,fear,1.0,0.0,0.0,0.0,0.0
menggelikan ketimbang sexual harassment menimpa vallen politisi partai politik memanfaatkannya panggung pertunjukan dalih pembelaan korban hilihkinthil ,,anger,0.0,0.0,0.0,0.0,1.0
username sampe merinding hati aposeee liat explore bingung temen like follow bubble over curated haha serem kelebatan film berita kerusuhan menyertai foto ,,anger,0.0,0.0,0.0,0.0,1.0
gasuka gondok dongkol mangkel kagetnya meniqaaa semoga insyafmu abal abal semoga udah alim beneran inget habluminallah habluminannas niat maaf wanita disakitinya ,,sadness,0.0,0.0,0.0,1.0,0.0
pengalaman,,sadness,0.0,4.0456102277951974e-114,0.0,1.0,0.0
kalo kamuuuuuu ,,love,0.0,0.0,1.0,0.0,0.0
terkadangg kalo lapor berwajib alah dipegang ,,joy,0.0,1.0,0.0,0.0,0.0
gasuka gondok dongkol mangkel kagetnya meniqaaa semoga insyafmu abal abal semoga udah alim beneran inget habluminallah ,,fear,1.0,0.0,0.0,0.0,0.0
sayang internet friends peduli ,,anger,0.0,0.0,0.0,0.0,1.0
gara username googling berita confirm duhhh berita pasangan favorite jaman ,,joy,0.0,1.0,0.0,0.0,0.0
askmf idung abis kena bola kenceng lgsg muncul lecet merah tulang idung dokter takut tulang idung geser bener kenceng sakit nyeri skrg engga ,,fear,1.0,0.0,0.0,0.0,0.0
meledak kemarahan ,,anger,0.0,0.0,0.0,0.0,1.0
cinta pandangan hati anugerah cinta tumbuh hati meninggalkan sayang mendalam merasakan cinta tumbuh hati ,,sadness,0.0,0.0,0.0,1.0,0.0
bingung sebenernya cocok make salah ,,fear,1.0,0.0,0.0,0.0,0.0
disaat butuh uang membiayai uang semester kehidupanmu ,,sadness,0.0,0.0,0.0,1.0,0.0
tergila jatuh cinta sepertimu ,,love,0.0,0.0,1.0,0.0,0.0
,,love,0.0,0.0,1.0,0.0,0.0
dimohon paksa include harap sopan kalo labil gajelas will block taatin rule utamakan ,,anger,0.0,0.0,0.0,0.0,1.0
momen berjuang melewati hutan ketakutan lebat navigatingfear ,,fear,1.0,0.0,0.0,0.0,0.0
total duit diorang ngutang otak yahhh ditagih pura mati ,,anger,0.0,0.0,0.0,0.0,1.0
kaga kemaren payah bocah ,,sadness,0.0,0.0,0.0,1.0,0.0
momen sepenuhnya diterima dihargai teman teman sejati kebahagiaan sejati friendshipbond ,,love,0.0,0.0,1.0,0.0,0.0
tolong ditelusuri penangkapan ratusan terduga teroris ,,joy,0.0,1.0,0.0,0.0,0.0
,,love,0.0,0.0,1.0,0.0,0.0
gimana ngerubah instagram story viewers toxic people urutan buka ignya ,,fear,1.0,0.0,0.0,0.0,0.0
bknnya imam cabul dibelain tolol ,,anger,0.0,0.0,0.0,0.0,1.0
udah mandi ,,sadness,4.594848865081608e-14,5.1964474125748735e-196,0.0,0.999999999999954,0.0
diumumkan lulus ,,joy,0.0,1.0,0.0,0.0,0.0
kadang suka kasian tukang parkir ,,sadness,0.0,0.0,0.0,1.0,5.484043644749576e-95
dtng hidup ibumu keterpurukan dtng hidup kujawab dptkan ibumu hadir disaan menjauh meninggalkan kusendri hidupku ,,joy,0.0,1.0,0.0,0.0,0.0
permata profesional program cashback token ,,anger,0.0,0.0,0.0,0.0,1.0
muka dicari muka buktikan kinerja lahhh onoh cari muka doang ,,anger,0.0,0.0,0.0,0.0,1.0
hati terbakar kemarahan sulit kutahan ,,anger,0.0,0.0,0.0,0.0,1.0
kemarin sebulan lewati malino kalo pendakian skrang kayak sdah capai ,,sadness,0.0,0.0,0.0,1.0,0.0
momen lihat memicu amarah triggeredanger ,,fear,1.0,0.0,0.0,0.0,0.0
gini kejadiannya istirahat sekolah penasaran telunjuk staples udah nancep ,,sadness,0.0,6.885949890841272e-19,0.0,1.0,0.0
wktu sblm lebaran kmrn kiriman paket aceh ,,joy,0.0,1.0,0.0,0.0,0.0
suka ayah salah satunya kesetiaannya dimana buktiin kalo cinta seumur hidup berani ngelakuin apapun pntg hidup sang pujaan hati mati ,,joy,0.0,1.0,0.0,0.0,0.0
polri tambahan anggaran ,,anger,0.0,0.0,0.0,0.0,1.0
oldmoneygakngerasain beli dodol lipet dibentuk suka bentung burung bunyi bosen ,,sadness,0.0,0.0,0.0,1.0,0.0
park woojin disayang dicintai diapresiasi makanan enak pelukan hangat kopi panas cokelat panas terserah bahagia pokoknya intinya park woojin bahagia ,,anger,0.0,0.0,0.0,0.0,1.0
merinding takut takut kejebak imajinasi diam diam hidupku kehadiran orang sadar ,,fear,1.0,0.0,0.0,0.0,0.0
baca buku diawal senyum ,,sadness,0.0,3.8348655065967775e-87,0.0,1.0,0.0
username gimane wifi gangguan mulu kalah indie home kalo ampe gangguan pake indie home ,,anger,0.0,0.0,0.0,0.0,1.0
username username orang berotak jakarta bagus menilai kepentingan ,,anger,0.0,0.0,0.0,0.0,1.0
maling ngaku penjara penuh badan gede hsil gede ,,anger,0.0,0.0,0.0,0.0,1.0
malem kayak gini sllu resah ,,fear,1.0,0.0,0.0,0.0,0.0
cinta seni mengharapkan balasan ,,sadness,0.0,0.0,0.0,1.0,0.0
terbukti tangkap biangnya ,,anger,0.0,0.0,0.0,0.0,1.0
terhubung tujuan hidup mimpi ,,love,0.0,0.0,1.0,0.0,0.0
ngerasa enak kalo membiarkan orang ,,love,0.0,0.0,1.0,0.0,0.0
momen melampiaskan amarahmu needtoletitout ,,anger,0.0,0.0,0.0,0.0,1.0
bpip bpip mmberi tokoh bangsa terhormat bpip hidupkan peljaran budi pekerti ,,anger,0.0,0.0,0.0,0.0,1.0
tersisa semaraknya piala dunia menghabiskan tertinggal duduk berdua beradu bela tersenyum manja tatapanmu mempesona kuasa memendam berbeda tumbuh getar cinta dada ,,love,0.0,0.0,1.0,0.0,0.0
lokasi kamar lantai ,,sadness,0.0,0.0,0.0,1.0,0.0
tuntut karna takut memenuhi tuntutanmu ,,fear,1.0,0.0,0.0,0.0,0.0
ceritanya denger lagu trus sambungin speaker ,,fear,1.0,0.0,0.0,0.0,0.0
kasih sayang anugrah terbesar kehidupan memiliki orang memberikannya ikhlas tulus ,,sadness,0.0,0.0,0.0,1.0,0.0
moment pencitraan postingan pengen ngapus udah posting yaudah biarin ,,anger,0.0,0.0,0.0,0.0,1.0
sayang salah ,,love,0.0,0.0,1.0,0.0,0.0
hoohh white prince meneduhkan hatii dateng bawa bunga leleh kalo dateng bawa sekoper uang ,,sadness,0.0,0.0,0.0,1.0,0.0
fisik,,love,0.0,0.0,1.0,0.0,0.0
story tulisan stay with pegangan tangan ,,fear,1.0,0.0,0.0,0.0,0.0
merasakan jatuh cinta ,,love,0.0,0.0,1.0,0.0,0.0
curhat suka kpop suka minder temen temen suka kpop kadang risih temen ngomong stop korea shel ,,fear,1.0,0.0,0.0,0.0,0.0
teman lelakimu kerumah izin papa mengambilmu darinya papa berhati hati izin papa lelaku menggantikan posisinya ,,joy,0.0,1.0,0.0,0.0,0.0
username username username gini terooss template ,,anger,0.0,0.0,0.0,0.0,1.0
kalo foto profilku vulgar ,,love,0.0,0.0,1.0,0.0,0.0
cewek suka bola dimata cowok cantiknya nambah ,,joy,0.0,1.0,0.0,0.0,0.0
bibi esta username kesayangan banget ,,sadness,0.0,0.0,0.0,1.0,0.0
bule,,fear,1.0,0.0,0.0,0.0,2.780246338327744e-85
aktip twitter melarikan mencuit ,,fear,1.0,0.0,0.0,0.0,0.0
nggak berobat simple ,,joy,0.0,1.0,0.0,0.0,0.0
ngalamin,,fear,1.0,0.0,0.0,0.0,0.0
fans benci curry ngakuin points bahaya ngelempar bola masuknya ,,anger,0.0,0.0,0.0,1.0306735713765687e-136,1.0
orang dinas ngambil sampel hasilnya minggu ,,sadness,0.0,0.0,0.0,1.0,0.0
username takut pengen sekolah anak paralel gatau kalo univ dipengen beda ,,fear,1.0,0.0,0.0,0.0,0.0
konten seru temen ngga berbau seks ,,fear,1.0,0.0,0.0,0.0,0.0
username nggak butuh maaf ,,anger,0.0,0.0,0.0,2.3609068315193463e-160,1.0
merasakan kebahagiaan kebahagiaan orang cintai ,,love,0.0,0.0,1.0,0.0,0.0
salahnya mbak dishare ulang ,,anger,0.0,0.0,0.0,0.0,1.0
username darimana maukah walikota bonceng motor traika ,,joy,0.0,1.0,0.0,0.0,0.0
username username kontol jelek mengkerut twittermu ,,fear,1.0,0.0,0.0,0.0,0.0
melepaskan marah meledak ,,anger,0.0,0.0,0.0,0.0,1.0
terdengar nyata teriakan hiszbut tahrir ,,anger,0.0,0.0,0.0,0.0,1.0
mengintip lemari membuka pintunya ,,fear,1.0,0.0,0.0,0.0,0.0
ambang meledak amarah ,,anger,0.0,0.0,0.0,0.0,1.0
jujur kadang ngerasa sebel cinta gausah segitunya sungguh bnrbnr gamau kalah sumpah ,,anger,0.0,0.0,0.0,0.0,1.0
dipikir pikir ,,fear,1.0,0.0,0.0,0.0,0.0
sebenci bencinya sikap keras menyebalkanmu ,,fear,1.0,0.0,0.0,0.0,0.0
username username username username nyari panggungmu junjunganmu langsung ,,anger,0.0,0.0,0.0,8.723137142802796e-47,1.0
sempet nonton beritanya thailand ngerti bahasanya diem nyampe bali ngeh tonton berita ,,sadness,0.0,0.0,0.0,1.0,0.0
temen kuliah dimana binus temen jurusan psychology temen baca sifat coba baca orgnya nyet baca sifat orang gabakalan gagal percintaan mulus hidup fakefrendzz ,,fear,1.0,0.0,0.0,0.0,0.0
orang nyindir nyindir bisanya ,,anger,0.0,0.0,0.0,0.0,1.0
foto instagram lupa password instanya ngga buka salah pemerintah instagram pakai password lupa khan begoloe ,,joy,0.0,1.0,0.0,0.0,0.0
bilang kafir gabung khilafah alihkan penyelundup kaum bumidatar olah pancasila username ,,anger,0.0,0.0,0.0,0.0,1.0
langsung mewek baca thread ,,sadness,0.0,0.0,0.0,1.0,0.0
ikhlas masuk muncul kehidupan muncul ,,joy,0.0,1.0,0.0,0.0,0.0
,,love,0.0,0.0,1.0,0.0,0.0
ummat pelosok negeri berteriak berjanji berharap deklarasi engkau sudi pemimpin engkau pemimpin amanah kerna lihat engkau imam ummat tgbharapan ,,joy,0.0,1.0,0.0,0.0,0.0
sampe rumah ,,love,6.100305704111821e-53,0.0,1.0,0.0,0.0
salah ngalah ,,fear,1.0,0.0,0.0,0.0,0.0
bagiku cinta hati nyaman tenang dimana merasakan kenyamanan ketenangan lingkungan kasih sayang cinta kasih sayang ,,fear,1.0,0.0,0.0,0.0,0.0
happy birthday winnie poohnya embul cakep sukses producing lagu lagunya sukses nyuiste tetep tigernya love humble ,,joy,0.0,1.0,0.0,0.0,0.0
sahabat guru pakarkomunikasi neniyulianita teman teman akademisi selamat milad fikom unisba semoga lulusan fikom unisba berkualitas ,,joy,0.0,1.0,0.0,0.0,0.0
keren nggak bilang username anti islam ,,joy,0.0,1.0,0.0,0.0,0.0
samanye udeh maling jancok anjing siluman monyet hahahahaha hati maling ,,anger,0.0,0.0,0.0,0.0,1.0
username overload pengiriman tutup penerimaan pengiriman paket paket masuk terdistribusi sesuai estimasi mementingkan keuntungan pentingkan konsumen ,,anger,0.0,0.0,0.0,0.0,1.0
username username kreatif ,,joy,0.0,1.0,0.0,0.0,0.0
ngeliat mino ,,sadness,0.0,0.0,0.0,1.0,0.0
momen berhasil menolong orang senyuman hadiah ternilai helpinghand ,,joy,0.0,1.0,0.0,0.0,0.0
gemetar merasakan sentuhan dingin bahu ,,fear,1.0,0.0,0.0,0.0,0.0
alhamdulillah sayang username ambekin kalo males ,,fear,1.0,0.0,0.0,0.0,0.0
mimpin bupati tasik gubernur aduh kang kabupaten tasik akang masyarakat tidap puas kinerja akang pengen gubernur cing atuh mikil ,,joy,0.0,1.0,0.0,0.0,0.0
sich dipercaya polisi cekatan ,,anger,0.0,0.0,0.0,0.0,1.0
pasang cret kayak gitu mikir jihad melayani kalo ngga seneng pekerjaannya kejar passion ngga nyinyiri mulu ,,anger,0.0,0.0,0.0,0.0,1.0
perpus,,love,0.0,0.0,1.0,0.0,0.0
kuliah penyampaian informatif edukatif kalo liat rame berkomentar fokes profesi andaaa ajaaaaah ,,joy,0.0,1.0,0.0,0.0,0.0
username wkwkwkwk udah kali bandung ketemu ketemuuu wkwkkw ,,joy,0.0,1.0,0.0,0.0,0.0
berbeda kepercayaan athaya mencintainya ,,sadness,0.0,0.0,0.0,1.0,0.0
orang dewasa orang membenci mantannya mantan pacar suami membenci mantan faham arti cinta kasih sayang jarang orang ngata ngatain mantannya setan ,,sadness,0.0,0.0,0.0,1.0,0.0
cewek salut banget vallen cewek ,,joy,0.0,1.0,0.0,0.0,0.0
pemantauan sosialisasi wilayah melaksanakan patroli rutin ,,fear,1.0,0.0,0.0,0.0,0.0
wanita suka menghancurkan hubungan orang bangga berhasil merusak kebahagian orang silahkan ,,anger,0.0,0.0,0.0,0.0,1.0
miss,,fear,0.9999999994612492,0.0,2.5686270948690772e-276,5.387508248281664e-10,0.0
ditakutkan mahasiswi aman ,,joy,0.0,1.0,0.0,0.0,0.0
hancur sedih menghantamku ,,sadness,0.0,0.0,0.0,1.0,0.0
sebentar ketemu krucil krucil ponakan gemesin banget ,,love,0.0,0.0,1.0,0.0,0.0
username helloowww username asian games tinggal hitungan minggu jakarta kelar berbenah ,,anger,0.0,0.0,0.0,0.0,1.0
kesabaran menghadapi bertahan ,,sadness,0.0,0.0,0.0,1.0,0.0
memasuki menunggu ,,fear,1.0,0.0,0.0,0.0,0.0
ujung duit maning ,,sadness,0.0,0.0,0.0,1.0,1.9984536896925574e-220
mengerti teka teki kalimat indah sadari ,,joy,0.0,1.0,0.0,0.0,0.0
kalo bercanda inshaallah pisah biar berat gaboleh egois ,,sadness,0.0,0.0,0.0,1.0,0.0
situasi membuatmu marah merobek dimensi ruang dimensionripper ,,anger,0.0,0.0,0.0,0.0,1.0
yaqin pentagon shine lagu seribu umat wkwkwk ikon love scenario debessss hhhh dimana lagu anjerrr ,,joy,0.0,1.0,0.0,0.0,0.0
parungpanjang hadiri jutaan debu warga terdampak ispa jiwa ,,anger,0.0,0.0,0.0,0.0,1.0
ntan busuk banget ,,anger,0.0,0.0,0.0,0.0,1.0
kknlyfe paginya leyeh leyeh ,,joy,0.0,1.0,0.0,0.0,0.0
seringkali luput menyadari ,,love,0.0,0.0,1.0,0.0,0.0
dingin perhatian keras denganmu ,,sadness,0.0,0.0,0.0,1.0,0.0
ngumpulin upeti kanan kiri ngasi hadiah suami panerai anniversary special pengen kasih membahagiakan drpd menerima ngasi suami ,,joy,0.0,1.0,0.0,0.0,0.0
username username username negara didunia memendam liberalisme afganistan pakistan iran negara maju negara khilafah ,,anger,0.0,0.0,0.0,0.0,1.0
menghancurkan sekitarku amarahku ,,anger,0.0,0.0,0.0,0.0,1.0
berhari tidur kayaknya emang bawaan ngga tidur cepet cape gedebugan doang ngga tidur ,,sadness,0.0,0.0,0.0,1.0,0.0
hati terbakar kemarahan sulit kutahan ,,anger,0.0,0.0,0.0,0.0,1.0
semoga tayangnya film menit perantara menebarkan benih benih cinta ,,sadness,0.0,0.0,0.0,1.0,2.1271892257041855e-141
kemarahan membuatku mengamuk melepaskan amarah ,,anger,0.0,0.0,0.0,0.0,1.0
username asli editan username username username username kupas wilayah hukum keselamatan warga parungpanjang nomor sekiankan bermain ,,joy,0.0,1.0,0.0,0.0,0.0
akun base sayang makasih admin nyaaa purple username username username ,,joy,0.0,1.0,0.0,0.0,0.0
alasan mencintai ,,love,0.0,0.0,1.0,0.0,0.0
momen orang cintai ,,love,0.0,0.0,1.0,0.0,0.0
pengajian ustadznya provokator mulut jamban ,,anger,0.0,0.0,0.0,0.0,1.0
serius,,fear,1.0,0.0,0.0,0.0,0.0
kurangin intensitas berkabar ,,anger,0.0,0.0,0.0,0.0,1.0
username menghubungi halo tekan ,,joy,0.0,1.0,0.0,0.0,0.0
astaga bbrapa minggu kabar klian bareng event kangen miss much guys ,,joy,0.0,1.0,0.0,0.0,0.0
situ mikir kalo ngerjain tugas ,,sadness,0.0,0.0,0.0,1.0,0.0
kali tersenyum padaku ,,love,0.0,0.0,1.0,0.0,0.0
idolamu khilaf ,,sadness,0.0,0.0,0.0,1.0,0.0
username whatsapp terang terangan blokir ,,fear,1.0,0.0,0.0,0.0,0.0
kejauhan,,love,0.0,0.0,1.0,0.0,0.0
gusti,,love,0.0,0.0,1.0,0.0,0.0
cinta,,love,0.0,0.0,1.0,0.0,0.0
langsung musuhmu biang keroknya pelajari dalami langsung menuduh ,,anger,0.0,0.0,0.0,0.0,1.0
sayang karna gantiin bkan milik tetep sayang ,,anger,0.0,0.0,0.0,0.0,1.0
senyuman wajah orang asing jalan pengingat kebaikan ðÿ smileexchange ,,joy,0.0,1.0,0.0,0.0,0.0
keresahan mencari pelabuhan pemuas keresahan terdalam seniman agung semoga pencerahan sejati ,,joy,0.0,1.0,0.0,0.0,0.0
pagi siang jengkel antri siang sore jengkel salah paham buru buru solo sore malem jengkel kesebuah lokasi ancer gajelas selepas taraweh bareng fisika jengkel pagi ilang lgsg mood bikin seneng ,,sadness,0.0,0.0,0.0,1.0,0.0
kasih sayang tiada bertepi ,,sadness,0.0,0.0,0.0,1.0,0.0
sekian thread baca ,,fear,1.0,0.0,0.0,0.0,0.0
cinta mencinta dicinta rumit memaksakan irasional rasional jatuh cinta kepadamu ,,joy,0.0,1.0,0.0,0.0,0.0
addeh,,love,0.0,0.0,1.0,0.0,0.0
kemarahan membuatku meledak ,,anger,0.0,0.0,0.0,0.0,1.0
beranjak remaja kamh menuntut papa izin malan ,,joy,0.0,1.0,0.0,0.0,0.0
nyampah suka compare ,,fear,1.0,0.0,0.0,0.0,0.0
username username username username sinh drumer cinta terindah ,,love,0.0,0.0,1.0,0.0,0.0
anis bilang prabowo didukung mafia mangap fakta nyolot kunyuk username nggak sopan santunnya pemimpin ,,anger,0.0,0.0,0.0,0.0,1.0
beras dijual ,,love,0.0,0.0,1.0,0.0,0.0
cantik username langsung tidur ,,fear,1.0,0.0,0.0,0.0,0.0
belajar agama tuntas ngarang hidup dialquran trus jelek baca alquran ,,anger,0.0,0.0,0.0,0.0,1.0
mendengarkan musik sesuai moodmu hatimu bergerak irama kegembiraan ðÿµðÿ musicalbliss ,,sadness,0.0,0.0,0.0,1.0,0.0
momen perasaan takut membuatmu berjalan tali tipis jurang balancingfear ,,joy,0.0,1.0,0.0,0.0,0.0
kebaikan perbuat meneteskan keringat dilautan ,,joy,0.0,1.0,0.0,0.0,0.0
username username tolong pencerahan ,,joy,0.0,1.0,0.0,0.0,0.0
momen perasaan takut merasuki pikiranmu hujan deras henti henti relentlessfear ,,joy,0.0,1.0,0.0,0.0,0.0
sahabat cowo ,,love,0.0,0.0,1.0,0.0,0.0
bersyukur nonton ngerekam pake kamera professional doang wkwkwkkw tengkyu mecima bando disuruh lepas ,,sadness,0.0,0.0,0.0,1.0,0.0
username same orang ekpresif susah ngungkapin perasaan bersyukur sayang banget keluarga sahabat pasangan ,,fear,1.0,0.0,0.0,0.0,0.0
terima kasih ,,love,0.0,0.0,1.0,0.0,0.0
jatibaru,,love,0.0,0.0,1.0,0.0,0.0
purnama pasangan membenci mencintai purnama bersinar bawahnya ,,love,0.0,0.0,1.0,0.0,0.0
hubungan mempunyiai tujuan ,,love,0.0,0.0,1.0,0.0,0.0
penerimaan siswa favorit sistim zona menuai kontra siswa pandai ortunya perband ,,sadness,0.0,0.0,0.0,1.0,0.0
dear wanita anggap speak upnya vallen norak kampungan ,,anger,0.0,0.0,0.0,0.0,1.0
iyaa untungnyaaa mantai kmrn sepupuku pulang bali disaranin pake pesawat mobilny tinggal jogja abis nyebrangnya horor ,,fear,1.0,0.0,0.0,0.0,0.0
username username mengakui jaringan lemah ,,anger,0.0,0.0,0.0,0.0,1.0
username nkri gundulmu ,,anger,0.0,0.0,0.0,0.0,1.0
username username username dilakuin udah nekat masuk membahayakan orang kebayang kalo ntar nekat masuk mayoritas kendaraan ngeri bayanginnya ,,joy,0.0,1.0,0.0,0.0,0.0
username gamau gimana kalo dirumah malem malem takut kalo udah anak mending sepi kalo tbtb kecoa gimana gitu ,,fear,1.0,0.0,0.0,0.0,0.0
hallo maaf bikin threadnya happy mensive sayang makasih udah nampung arin absurd ,,joy,0.0,1.0,0.0,0.0,0.0
berhasil menghadapi ketakutanmu merasakan kebebasan ðÿÿðÿ fearless ,,joy,0.0,1.0,0.0,0.0,0.0
username dikasih minyak tawon gitu perhari dibiarin sampe mateng kalo udah diletusin biar darah kotor gitu ngeri ,,joy,0.0,1.0,0.0,0.0,0.0
otak koruptor berfikir koruptor orang gila harta orang gila berfikir positif ,,anger,0.0,0.0,0.0,0.0,1.0
nangroe aceh darussalam istimewa fatihah teuku markam salam hormat keluarga teuku markam rakyat indonesia ,,joy,0.0,1.0,0.0,0.0,0.0
momen menghancurkan kekuatanmu destructivepower ,,anger,0.0,0.0,0.0,2.5e-323,1.0
rindu mencair ,,love,0.0,0.0,1.0,0.0,0.0
tahukah,,love,0.0,0.0,1.0,0.0,0.0
sepakat,,sadness,0.0,0.0,0.0,1.0,0.0
,,love,0.0,0.0,1.0,0.0,0.0
melawan perasaan takut mengganggu fightingdisturbance ,,fear,1.0,0.0,0.0,0.0,0.0
mundur penghianatan ,,sadness,0.0,0.0,0.0,1.0,0.0
download melulu pdhl stock laporan mbok dibenerin ,,anger,0.0,0.0,0.0,0.0,1.0
meledak kemarahan ,,anger,0.0,0.0,0.0,0.0,1.0
bahagia beli paketan segiga habis limagiga lancar internetan mayanlah wkwk alhamdulillah ,,joy,0.0,1.0,0.0,0.0,0.0
terkaget disapa takut ,,joy,0.0,1.0,0.0,0.0,0.0
username childish alias kekanakkanakan mendekati bego overacting pelajari undang pejabat memalukan tanggapi pernyataan sandiaga ,,anger,0.0,0.0,0.0,0.0,1.0
negeri didirikan akal sehat politik orang pemarah akalnya buntu mari turun kampus kampus rawat akal sehat sedekahmu bangsa nungguin apbn ,,anger,0.0,0.0,0.0,0.0,1.0
username username musuh selimut hati penghianat dunia kiamat ,,fear,1.0,0.0,0.0,0.0,0.0
mimpi pilkada rakyat bego pilpres pilkada rakyat indonesia cerdas memilih pemimpin ,,anger,0.0,0.0,0.0,0.0,1.0
,,love,0.0,0.0,1.0,0.0,0.0
akrab mention mention ,,joy,0.0,1.0,0.0,0.0,0.0
calonpenghunineraka serius player troll player toxic player noob game vainglory maafin jancok neraka bangsaaaaat ,,sadness,0.0,0.0,0.0,1.0,0.0
fadli zhon relepansi ,,anger,0.0,0.0,0.0,0.0,1.0
sampean,,love,0.0,0.0,1.0,0.0,0.0
kenal,,love,0.0,0.0,1.0,0.0,0.0
amarahmu membuatmu meledak readytoburst ,,anger,0.0,0.0,0.0,0.0,1.0
sifat buruk banget ,,fear,1.0,0.0,0.0,0.0,0.0
momen amarahmu ledakan kosmik mengguncangkan jagat raya ðÿ cosmiceruption ,,anger,0.0,0.0,0.0,0.0,1.0
romantis aing hubungan pasangan bener bener membutuhkan ,,joy,0.0,1.0,0.0,0.0,0.0
cinta kenangan ,,sadness,0.0,0.0,0.0,1.0,0.0
username kalo skrng spanduk kalo salah pojoan alun kantor keramatkan masuk seriustanya ,,love,0.0,0.0,1.0,0.0,0.0
manusia rakus bunda ,,sadness,0.0,0.0,0.0,1.0,0.0
dear member livable mince sayang kaliannn ,,sadness,0.0,0.0,0.0,1.0,0.0
seluas mengasihimu teruntuk dimana sehat bahagia tuhan ,,love,0.0,0.0,1.0,0.0,0.0
kalo ceritanya mending diem bikin asumsi giliran ditegor bilang becanda giliran didiemin ngelunjak pengen ditonjok ,,love,0.0,0.0,1.0,0.0,0.0
mengejutkan merenungkan tersadar cinta ekspektasi bentuk cinta tingkatan krena cinta ekspektasi bentuk kepasrahan total ilahi ,,sadness,0.0,0.0,0.0,1.0,0.0
orang diwajibkan bunglon negara antah berantah konsekuensi sistem pemerintahan presidensial penerapannya sistem pemerintahan ,,anger,0.0,0.0,0.0,0.0,1.0
manage,,love,0.0,0.0,1.0,0.0,0.0
terjebak kepedihan kunjung mereda ,,sadness,0.0,0.0,0.0,1.0,0.0
jijik anat angkat call jijik jijik ,,anger,0.0,0.0,0.0,0.0,1.0
apapun,,love,0.0,0.0,1.0,0.0,0.0
berhasil mengatasi malas produktif ,,sadness,0.0,0.0,0.0,1.0,0.0
momen amarahmu terkendali ðÿ uncontrollableanger ,,anger,0.0,0.0,0.0,0.0,1.0
sepakat,,sadness,0.0,0.0,0.0,1.0,0.0
cinta menghadirkan kebahagiaan mengalami kesulitan bringingjoy ,,love,0.0,0.0,1.0,0.0,0.0
modal walikota solo ,,joy,0.0,1.0,0.0,0.0,0.0
username username good jadwal kereta arah bogor berantakan segini ,,anger,0.0,0.0,0.0,0.0,1.0
amarahku meningkat kali perlakuan ,,joy,0.0,1.0,0.0,0.0,0.0
memaknai hubungan ,,love,0.0,0.0,1.0,0.0,0.0
kaga tolol daniel bule numpang hidup kasih kemudahan hidup sorry biar jelek sudi dimanfaatin doang ,,anger,0.0,0.0,0.0,0.0,1.0
haji puncak penyempurna keislaman pantaskan diriku menyambut panggilanmu asrama haji pondok gede ,,anger,0.0,0.0,0.0,0.0,1.0
palembang coba venue asian games ,,anger,0.0,0.0,0.0,0.0,1.0
bunga orang nyinyirin hidupmu membahagiakan pastikan bunga ,,joy,0.0,1.0,0.0,0.0,0.0
ramal kerumahku bertemu orangtuaku ,,fear,1.0,0.0,0.0,0.0,0.0
mencekam mata gelap memandangku jendela ,,fear,1.0,0.0,0.0,0.0,0.0
nelfon username disuruh tunggu pelaporan ,,anger,0.0,0.0,0.0,2.4260272454324443e-113,1.0
semoga username sadar bupati purbalingga pdip kena ,,anger,0.0,0.0,0.0,0.0,1.0
liat gini doang tibatiba bahagia gitu apagga dinamakan cinta stole this from someone ,,love,0.0,0.0,1.0,0.0,0.0
survey cewek bilang cowok pegang mitos gaes cewek ,,fear,1.0,0.0,0.0,0.0,0.0
username marjuki ngerti ndak faham ndak waspadai radikal kalo ndak radikal hawatir kalo tersinggung radikal ,,anger,0.0,0.0,0.0,0.0,1.0
dewasa pake banget ,,love,0.0,0.0,1.0,0.0,0.0
username beda goblok vallen emang doyan goyang seronok better seronok ,,anger,0.0,0.0,0.0,0.0,1.0
saran dprri ,,anger,0.0,0.0,0.0,0.0,1.0
username penumpang yamg kadang suka gemessssss turun berjubel dipintu mencari nafkah biarkan penumpang turun trimakasih ,,anger,0.0,0.0,0.0,0.0,1.0
username nyabutnya santae pake jari kena kuku beli softlennya bagus beli soflen warna item gangapa ujug gatel perih etaunya robek ,,sadness,0.0,0.0,0.0,1.0,0.0
,,love,0.0,0.0,1.0,0.0,0.0
username barang elektronik gitu gimana kadang takut buang headset baterai sampah soalnnya bahaya botol spray ,,anger,0.0,0.0,0.0,0.0,1.0
supporter username suka barca ,,love,0.0,0.0,1.0,0.0,0.0
disayangi insan sayang kebahagiaan dihormati insan sayang bermakna tiada sayang tiada hormatnya ,,love,0.0,0.0,1.0,0.0,0.0
bukti mengasihi tuhan mengasihi memiliki kasih mengasihi allah mengasihi ,,love,0.0,0.0,1.0,0.0,0.0
hati dipenuhi cinta biar tuhan mendengarkan engkaulah pendamping kelak ,,sadness,0.0,0.0,0.0,1.0,0.0
username dimana cuman bilang sayang berubah ,,fear,1.0,0.0,0.0,0.0,0.0
cinta,,love,0.0,0.0,1.0,0.0,0.0
makasih udah kasih info lemah teles ,,sadness,0.0,0.0,0.0,1.0,0.0
marah membuatmu menguasai alam semesta kemarahanmu ðÿâ cosmicdominance ,,anger,0.0,0.0,0.0,0.0,1.0
gini takut pelayanan ambil orang heiii pelayanan tuhan sapa tuhan percaya aneh pake main fitnah jatuhkan orang ,,anger,0.0,0.0,0.0,0.0,1.0
daritadi notifikasi twitter berhenti berbunyi ,,sadness,0.0,0.0,0.0,1.0,0.0
cinta alasan tersenyum indah tertawa terkadang cinta kenangan dilupakan ,,sadness,0.0,0.0,0.0,1.0,0.0
username orang ngentot sadar dikeluarin didalem ,,love,0.0,0.0,1.0,0.0,0.0
momen meledak melepaskan amarahmu needtovent ,,anger,0.0,0.0,0.0,0.0,1.0
persis keluarga mualaf menado indonesia timur ,,sadness,0.0,0.0,0.0,1.0,0.0
keren jalan kemana ,,love,0.0,0.0,1.0,0.0,0.0
amarah membuatku meledak singkat ,,anger,0.0,0.0,0.0,0.0,1.0
sebenernya udah kecewa pakdhe username semenjak kriminalisasi pemerintahan beliau ditambah novel baswedan tuntas ,,anger,0.0,0.0,0.0,0.0,1.0
pecinta kpop salty suka every insulting things people whom passionate about otaknya gaada jongkok belajar menghargai belajar ppkn ,,anger,0.0,0.0,0.0,0.0,1.0
mengerti,,love,0.0,0.0,1.0,0.0,0.0
ayahku bali kabarin trus ayah bilang kalo ayah wafat doain ,,joy,0.0,1.0,0.0,0.0,0.0
sayang gaada dikenalin keluarga cewe gugup abis yaelah gaada kenal dateng mendadak gugup ,,fear,1.0,0.0,0.0,0.0,0.0
username kali cikk pemadaman byasanya mepet listrik yaaa huhuuu ,,sadness,0.0,0.0,0.0,1.0,0.0
happy first mensive sayang username maaf terbaik ,,love,0.0,0.0,1.0,0.0,0.0
drama kmarin sore seharian puasa trus mandi kaget kedatangan tamu diundang adzan maghrib trus galau seharian dianggap puasa ,,sadness,0.0,0.0,0.0,1.0,0.0
trus,,fear,1.0,0.0,0.0,0.0,0.0
username pilkada photo panas sebabkan orang mengundurkan ,,anger,0.0,0.0,0.0,0.0,1.0
,,love,0.0,0.0,1.0,0.0,0.0
teman ngga liatin temennya bertemu ,,sadness,0.0,1.3431517749176314e-87,0.0,1.0,0.0
wajah jokowi apanya kliatan cina polower botakndut mustopa nuduh jokowi turunan cina stress urusan kantor stalking hihi ,,fear,1.0,0.0,0.0,0.0,0.0
momen perasaan takut merasuki pikiranmu racun invisiblepoison ,,fear,1.0,0.0,0.0,0.0,0.0
kali username gancit kecewa berat baristanya bikin minum berantakan melengos bikin emosi please jual jasa ,,anger,0.0,0.0,0.0,0.0,1.0
ularrr takut ular allah ,,love,0.0,0.0,1.0,0.0,0.0
semoga lancar ,,joy,0.0,1.0,0.0,0.0,0.0
chatting,,anger,0.0,0.0,0.0,0.0,1.0
adiknya lita akrab mama benci maklum mama sodara keluarganya keturunan saraf gitu kebanyakan jahat sialan dengki sodara mama ,,anger,0.0,0.0,0.0,0.0,1.0
fans kpop dadakan ,,anger,0.0,0.0,0.0,0.0,1.0
brasil,,love,0.0,0.0,1.0,0.0,0.0
username korea nyampe ditrack resinya takut takut suratnya nyasar kalo surat murah ,,joy,0.0,1.0,0.0,0.0,0.0
momen mengenal eternalconnection ,,love,0.0,0.0,1.0,0.0,0.0
cinta sederhana ,,love,0.0,0.0,1.0,0.0,0.0
lambat perpanjang dimana ,,anger,0.0,0.0,0.0,1.1960906113382943e-223,1.0
universitas negeri surakarta mendaftar kampusnya butuh keterima selamat mengalahkan sekian ribu orang ,,anger,0.0,0.0,0.0,1.8430155604361613e-65,1.0
username claims penggantinya gitulo bikin mencurigakan ,,love,0.0,0.0,1.0,0.0,0.0
allah tugasku selesai ,,love,0.0,0.0,1.0,0.0,0.0
berdamai jalan komedi ,,sadness,0.0,0.0,0.0,1.0,0.0
perutku keroncongan bahasa tubuhku meraba raba ,,fear,1.0,0.0,0.0,0.0,0.0
ngga ngerasain degan nerima pemberitahuan kuota tinggal asik asiknya tlponan cari kuota ngobrol ,,joy,0.0,1.0,0.0,0.0,0.0
atuh kristen jahat mampus neraka laki penipuan korup bangga najisssin sialan nikah duda tajir mapan undang catat liat dendem sepupu iblis penghuni neraka ,,anger,0.0,0.0,0.0,0.0,1.0
dear username statusnya pesen marketplace alamat lengkap sampe salah ,,sadness,0.0,0.0,0.0,1.0,4.440390380753654e-36
otak kalo bego apapun posisinya ,,sadness,0.0,0.0,0.0,1.0,0.0
bayar pajak tahunan nomor antrian dipakai ,,anger,0.0,0.0,0.0,0.0,1.0
takut menghadapi disiksa mendadak takut ,,sadness,0.0,0.0,0.0,1.0,0.0
ujung kopi duit memperlakukan melayani konsumen complain barang jasa dijual ,,anger,0.0,0.0,0.0,0.0,1.0
ribuan penelitian anak bangsa terkait penanggulangan sampah ,,anger,0.0,0.0,0.0,0.0,1.0
terima kasih ,,love,0.0,0.0,1.0,0.0,0.0
pertemuan diundur ,,love,0.0,0.0,1.0,0.0,0.0
semoga paham takut allaah berlindung allaah godaan setan terkutuk ,,fear,1.0,0.0,0.0,0.0,0.0
hueee sayang guaaa melow gini sihhh love aaahhhh cinta much beruntung jumpa sweetie ,,sadness,0.0,0.0,0.0,1.0,0.0
efek pintu slipi arah semanggi ditutup ,,anger,0.0,0.0,0.0,0.0,1.0
bonbin urus payah tabrak pagar zebra surabaya mati ,,sadness,0.0,0.0,0.0,1.0,0.0
gatau takut nengok thomasnya ngajak ngobrol gimana allah pengsan bantalnya ,,fear,1.0,0.0,0.0,0.0,0.0
barusan kakinya ngiket pake karet biaya dokter takut mahal misqueen nothing money ,,sadness,0.0,0.0,0.0,1.0,0.0
momen perasaan takut membuatmu berjuang henti fightingendlessly ,,joy,0.0,1.0,0.0,0.0,0.0
cintailah kekasihmu mencintai ,,love,0.0,0.0,1.0,0.0,0.0
komprenya perkelompok asaan kelompok minggu kemarin maju sebentar gasampe bikin degdegan woii ,,anger,0.0,0.0,0.0,0.0,1.0
wajib dipenjarakan username wajib dilaporkan memecah belah ,,anger,0.0,0.0,0.0,0.0,1.0
anyong namja romantis idaman perhatian pastinya sayang ,,love,0.0,0.0,1.0,0.0,0.0
sampe cerita temen kajian ibadah gitu kajiannya menyimpang didalem kajian bawa ganti presiden pokonya intinya kontra pemerintahan pokonya gitudeh ,,joy,0.0,1.0,0.0,0.0,0.0
udah pusing chat abang gojek ,,fear,1.0,0.0,0.0,0.0,0.0
puluhan,,love,0.0,0.0,1.0,0.0,0.0
kemaren ngomongin sexual harassment semalem bintang dangdut pujaan tanah kena ,,sadness,0.0,0.0,0.0,1.0,0.0
rakus piza laginadianti pasta piza ,,sadness,0.0,0.0,0.0,1.0,0.0
depresi dihina orang terdekat ,,fear,1.0,0.0,0.0,0.0,0.0
senyum media murah membangun hubungan kintamani photography savana vsco balicili balitrip baligasm bali travelling kintamani ,,joy,0.0,1.0,0.0,0.0,0.0
sumpah jijik denger lagu aaaaaaa aisyah kujatuh cinta ,,joy,0.0,1.0,0.0,0.0,0.0
permulaan cinta membiarkan orang cintai ,,anger,0.0,0.0,0.0,0.0,1.0
marah membuatmu mengendalikan ruang amukanmu timeandspacebender ,,anger,0.0,0.0,0.0,0.0,1.0
,,love,0.0,0.0,1.0,0.0,0.0
dear username tolong ,,sadness,0.0,0.0,0.0,1.0,2.756509585582289e-182
somplak hahaha ,,love,0.0,0.0,1.0,0.0,0.0
suka sifat protective ,,fear,1.0,0.0,0.0,9.703e-321,0.0
alloh maha maha romantis kalo bilang tunggu memaksa ,,anger,0.0,0.0,0.0,0.0,1.0
mengubah kebiasaan berat ,,joy,0.0,1.0,0.0,0.0,0.0
laptop,,fear,1.0,0.0,0.0,0.0,0.0
momen perasaan takut menghantui tidurmu ,,fear,1.0,0.0,0.0,0.0,0.0
momen istimewa hnya diatapi kadang perkumpulan sederhana bareng sobat bermakna temankobong pagingopi ,,joy,0.0,1.0,0.0,0.0,0.0
niat tidur karna besok pagi anter negara belanja bahan mesti capil ektp belun kelar udeh maleen ,,anger,0.0,0.0,0.0,0.0,1.0
wanita makhluk lembut ,,love,0.0,0.0,1.0,0.0,0.0
momen menaklukkan dunia ,,anger,0.0,1.810799825167733e-204,0.0,0.0,1.0
dapet ginian username deket ,,sadness,0.0,0.0,0.0,1.0,0.0
banget pelajaran dapet ,,anger,0.0,0.0,0.0,1.0132587664750396e-125,1.0
guys sorry kalo jorok cewe prnah kalo haid lend darahnya gumpal haid gitu biar gimana ,,fear,1.0,0.0,0.0,0.0,0.0
username perawatan transjakarta metro mini ,,sadness,0.0,0.0,0.0,1.0,0.0
amarahmu sulit menemukan speechlessanger ,,love,0.0,0.0,1.0,0.0,0.0
username kebanyakan baca novel ,,joy,0.0,1.0,0.0,0.0,0.0
anik lulus besok surabaya jujur ngisi materi forum ,,joy,0.0,1.0,0.0,0.0,0.0
kemarahan membuatku meledak amarah ,,anger,0.0,0.0,0.0,0.0,1.0
bego dihukum ditembak bela sibangsat cabul kabur bela tolol berani waras berpikir jawabannya ,,anger,0.0,0.0,0.0,0.0,1.0
cinta hebat ,,sadness,0.0,0.0,0.0,1.0,0.0
salamsaum bangga username meraih opini wajar pengecualian keberhasilan kerja keras smua mewujudkan kementan bersih ,,joy,0.0,1.0,0.0,0.0,0.0
idealnya tingkatkan status ganjar saksi tersangka kecurigaan lindungi kekuasaan cair percaya ,,joy,0.0,1.0,0.0,0.0,0.0
keambian siang buka situs online trading sekuritas lihat indeks saham warna warni trus klik klik cantik bego klik tombol ,,anger,0.0,0.0,0.0,0.0,1.0
udah berubah ,,love,0.0,0.0,1.0,0.0,0.0
terkejut perut kruyukan ,,love,0.0,0.0,1.0,0.0,0.0
marah membuatmu mengguncang dasar bumi earthshaker ,,anger,0.0,0.0,0.0,0.0,1.0
qyara,,sadness,0.0,0.0,0.0,1.0,0.0
mengenal mencintaimu ,,love,0.0,0.0,1.0,0.0,0.0
merasakan getaran hangat dada orang cintai ,,love,0.0,0.0,1.0,0.0,0.0
bagimana,,love,0.0,0.0,1.0,0.0,0.0
suka point prof suteki puncak tertinggi pancasila ketuhanan maha ,,joy,0.0,1.0,0.0,0.0,0.0
bentar pakai macet ,,sadness,0.0,0.0,0.0,1.0,0.0
setuju username ,,fear,1.0,0.0,0.0,0.0,0.0
artikel kalo puas bikin deskripsi hujat hujat ,,fear,1.0,0.0,0.0,0.0,0.0
username udah dipaksa anak satunya candy crush mabar dibentakin bego ,,sadness,0.0,0.0,0.0,1.0,0.0
bumi pancasila ustadz ,,sadness,0.0,0.0,0.0,1.0,0.0
suka makan sirip tenggelamkan username ikan segede metromini dimamam siripnya doang makan bodynya ,,fear,1.0,0.0,0.0,0.0,0.0
haha kasihan akun sembuh sakit dendamnya sepnjang ,,sadness,0.0,0.0,0.0,1.0,0.0
,,love,0.0,0.0,1.0,0.0,0.0
username username serem seriusan udah ,,anger,0.0,0.0,0.0,0.0,1.0
ceritahariini barusan ketiduran bentar daaan mimpi serem ceritanya camp organisasi gitu salah perkemahan anehnya related banget kehidupan nyata ,,sadness,0.0,0.0,0.0,1.0,0.0
situasi membuatmu marah menciptakan lubang hitam blackholecreator ,,sadness,0.0,0.0,0.0,1.0,0.0
banget,,love,0.0,0.0,1.0,0.0,0.0
ngerasain bahagia sederhana pribadi ngeliat orang ngerasain bahagia jalanin sebahagia good vibes ngejalaninnya thanks ,,joy,0.0,1.0,0.0,0.0,0.0
heran rkhup ngawur keknya merancang ngawur sampe sampe mempertimbangkan melibatkan anggota perancang ,,anger,0.0,0.0,0.0,0.0,1.0
kali menambah pengetahuan hubungannya ketakutan ditakuti penakut camkan ,,anger,0.0,0.0,0.0,0.0,1.0
ngerasa hidup udah enak ,,love,0.0,0.0,1.0,0.0,0.0
kaya kebalik gitu socmed escape ekspresiin kegilaan skrg berhubung socmed serem dunia nyata ,,anger,0.0,0.0,0.0,0.0,1.0
berbicara henti cintai ,,joy,0.0,1.0,0.0,0.0,0.0
selamat siang sayang makan siang buatin makan siang ,,sadness,0.0,0.0,0.0,1.0,0.0
intinya seleksi lalui dunia ,,sadness,0.0,0.0,0.0,1.0,0.0
trima kasih sparing footballl unitedindonesia unitedtogether uici unitedindramayu indramayu regency ,,joy,0.0,1.0,0.0,0.0,0.0
beliau bilang ,,sadness,0.0,0.0,0.0,1.0,2.1322757477881022e-200
percayalah,,love,0.0,0.0,1.0,0.0,0.0
ngeri popok seklai pakai pemicu utama infeksi saluran kencing lengah kepraktisan popok pakai perhatikan ,,anger,0.0,0.0,0.0,0.0,1.0
amarah membuatku kehilangan kendali diriku ,,anger,0.0,0.0,0.0,0.0,1.0
setia mendampingi berusaha melucu bikin ketawa menganggap anak cemburu laki gadisnya cinta ,,joy,0.0,1.0,0.0,0.0,0.0
jujur dihina remehin hina sodaraw mama sepupu setan dengkii smua lina sumpahin mampus kaya belagu kaya kali norak kebongkar tipu annya liatin sukses ahahhah najisin sepupu ,,anger,0.0,0.0,0.0,0.0,1.0
momen amarahmu memenuhi pikiranmu sulit memusatkan perhatian ðÿªï mindconsumed ,,sadness,0.0,0.0,0.0,1.0,0.0
merasakan hampa tergambarkan ,,sadness,0.0,0.0,0.0,1.0,0.0
titip salam masbro username shooting bawa bambu ganjel biar ngejoprak username inisahurtiketcomharike ,,joy,0.0,1.0,0.0,0.0,0.0
sedih membuatku hancur rapuh ,,sadness,0.0,0.0,0.0,1.0,0.0
bermasalah teman ,,anger,0.0,0.0,0.0,0.0,1.0
sehari,,fear,1.0,0.0,0.0,0.0,0.0
kalo pelajaran bindo ,,anger,0.0,0.0,0.0,5.389215268533002e-145,1.0
tolong wagub username username malu umatnya ,,sadness,0.0,0.0,0.0,1.0,0.0
sekelas emerson gitu kelakuannya ,,joy,0.0,1.0,0.0,0.0,0.0
puncak marah memaki peduli mencoba mencari perhatiannya ,,sadness,0.0,0.0,0.0,1.0,0.0
username username cerita satinah kayaknya emang beda reply bilangnya ,,fear,1.0,0.0,0.0,0.0,0.0
jengjeng nyanyi pakai okulele simak simak susah ,,fear,1.0,0.0,0.0,0.0,0.0
bucin,,love,0.0,0.0,1.0,0.0,0.0
series kelar ditonton ,,joy,0.0,1.0,0.0,0.0,0.0
hancur negara dikelola amatiran ,,sadness,0.0,0.0,0.0,1.0,0.0
bobotoh lucu kalo menyalahkan berpakaiannya ,,anger,0.0,0.0,0.0,1.674054117597536e-136,1.0
emak kate emak kate perhatian banget anak anaknya banget emakku nongol grup semangat sehat sayang emak ,,sadness,0.0,0.0,0.0,1.0,0.0
teriak teriak ganti presiden gimana pulang kampung kereta bagus stasiun kereta kereta apinya bagus coba copetnyaaahh calonyaaahh ,,anger,0.0,0.0,0.0,0.0,1.0
saking sibuknya lupa rilis sibuk sibuk nyari kesibukan baca ebook heran accounting kerjaan ,,joy,0.0,1.0,0.0,0.0,0.0
username username username lebihnya speak dikatain lebay ,,anger,0.0,0.0,0.0,0.0,1.0
drpd keseel mikirin omongan nyokap kmrn nyantai tenangin otak ngadem nongki balkot sampe sore ,,anger,0.0,0.0,0.0,0.0,1.0
francey terkejut mendengarmu meneriakinya jiwanya melompat menonton jumpscare film horror wajah francey berubah ,,joy,0.0,1.0,0.0,0.0,0.0
bilang milih sopir mobil bener ,,anger,0.0,0.0,0.0,0.0,1.0
,,love,0.0,0.0,1.0,0.0,0.0
,,love,0.0,0.0,1.0,0.0,0.0
seneng banget refreshing seneng banget gitu mencari udara segar kalo udah terlaku sumpek mending gausah lebay pulang kesini udah kaya ,,joy,0.0,1.0,0.0,1.1474234714913775e-297,0.0
amarah membuatku meledak sekejap ,,anger,0.0,0.0,0.0,0.0,1.0
username bayar pakai tokopedia ,,fear,1.0,0.0,0.0,0.0,5.468884475147616e-290
username username kalo puasa suci bersih ,,fear,1.0,0.0,0.0,0.0,2.5045759626069374e-260
vallen kadang mikir ,,sadness,0.0,0.0,0.0,1.0,2.2425468921648872e-163
amarah membuatku kehilangan kendali diriku ,,anger,0.0,0.0,0.0,0.0,1.0
jual permen ting ting dimana kangen permen ,,fear,1.0,0.0,0.0,0.0,0.0
username username username username username username username klau berita posttingan juned trus mnghadirin acara jngn pura ediot menghadiri acara politikus pecun ,,joy,0.0,1.0,0.0,0.0,0.0
username ngeri kalo keterima keliatan gobloknya kuliah ngeri gitu skripsi dibikinin orang cari kerja pake orang ,,anger,0.0,0.0,0.0,0.0,1.0
cinta menghargai momen habiskan ,,love,0.0,0.0,1.0,0.0,0.0
allah smoga manusia super hero ,,joy,0.0,1.0,0.0,0.0,0.0
alah barusan senyumnya jarak meter lemas malam ketemu ,,fear,1.0,0.0,0.0,0.0,0.0
berani manasin gegara diceritain siska something dasar apel siska bikin takut ,,fear,1.0,0.0,0.0,0.0,0.0
marah membuatmu menghancurkan jalurmu pathofdestruction ,,anger,0.0,0.0,0.0,0.0,1.0
menghancurkan mataku amarah ,,anger,0.0,0.0,0.0,0.0,1.0
pacar pacar nasehatin ngebentak ,,anger,0.0,0.0,0.0,0.0,1.0
,,love,0.0,0.0,1.0,0.0,0.0
kalo perduli ,,love,0.0,0.0,1.0,0.0,0.0
berhadapan menakutkan facingeverything ,,fear,1.0,0.0,0.0,0.0,0.0
momen berjuang melawan gelombang ketakutan menghantam ðÿðÿ fightingfear ,,fear,1.0,0.0,0.0,0.0,0.0
baby username anak mamih cantik engkau tinggalkan mamih sayang mamih kering tanpamu love rien sayang ,,sadness,0.0,0.0,0.0,1.0,0.0
pilih jokowi ,,love,0.0,0.0,1.0,0.0,0.0
rupiah jatuh anjlok ramai menyalah nyalahkan pemerintah ,,anger,0.0,0.0,0.0,0.0,1.0
oldmoneygakngerasain paniknya benda dibagikan guru dikelas rela kekantin jaga benda karna malu nilainya ,,fear,1.0,0.0,0.0,0.0,0.0
username pake shopee kalo ,,sadness,0.0,0.0,0.0,1.0,0.0
katherine sofia bener ngrasa capek kerjaan ,,sadness,0.0,0.0,0.0,1.0,2.9245525848567208e-53
momen berteriak melepaskan amarahmu screaminginside ,,anger,0.0,0.0,0.0,0.0,1.0
momen mengguncangkan realitas amukanmu ðÿðÿ realityshaker ,,anger,0.0,0.0,0.0,0.0,1.0
wkwkw kalo nanya santai mengeluarkan komentar dunia indah ,,joy,0.0,1.0,0.0,0.0,0.0
menyepelakan kalimat ,,love,0.0,0.0,1.0,0.0,0.0
keira knightleeeeeyy demen cowo diem cool gitu gerak geriknya darcy bikin geli geli gitu hahaha ,,joy,0.0,1.0,0.0,0.0,0.0
pelajaran berharga perang saudara palestina israel saudara mengasihi menyayangi bunuh berkelanjutan provokator ketigalah menang ,,love,0.0,0.0,1.0,0.0,0.0
percayalah hati ,,love,0.0,0.0,1.0,0.0,0.0
terhubung nilai impian ,,joy,0.0,1.0,0.0,0.0,0.0
barusan diejek anak anak twitter udah ketinggalan zaman jokes copas instagram twitter kebanyakan user dewasa kontennya bagus instagram ,,sadness,0.0,0.0,0.0,1.0,0.0
,,love,0.0,0.0,1.0,0.0,0.0
username jungkook firstly ,,love,0.0,0.0,1.0,0.0,0.0
marah membumbung ketidakadilan sekitarmu unjustacts ,,anger,0.0,0.0,0.0,0.0,1.0
pake kirim paket beli olshop jastip kota sampe beda pulau maksimal sampe pake mobil susah cari alamat bingung gabisa masuk kompleks gang malem dibelain jalan rumah sampe paketan terkirim ,,fear,1.0,0.0,0.0,0.0,0.0
dihargai diterima ,,joy,0.0,1.0,0.0,0.0,0.0
username jujur takut ,,fear,1.0,0.0,0.0,0.0,0.0
ngomel karna diginiin trus bang ojolnya nyolot ikutan macet jalan normal rugi neng bensinnya muter baliknya rugi ,,joy,0.0,1.0,0.0,0.0,0.0
damai taik soekarno membubarkan partai islam masyumi dizaman soeharto bolehkan masyumi keluarga bintang partai bintang begok dungu cebong ,,anger,0.0,0.0,0.0,0.0,1.0
mendengar suara berderak genting ,,sadness,0.0,0.0,0.0,1.0,0.0
momen perasaan takut melanda mendalam kehilangan nafas breathlessfear ,,sadness,0.0,0.0,0.0,1.0,0.0
username terlepas lepas tangan peran promoter project creators laku didukung backers featured project ,,sadness,0.0,0.0,0.0,1.0,0.0
kali liat langsung penampakan lupa seumur hidup sejarahnya mengerikan heran orang lihat kaya akupun lihat cobain kesana ,,fear,1.0,0.0,0.0,0.0,0.0
momen berhasil menaklukkan tantangan teknologi rumit momen kepuasan techtriumph ,,joy,0.0,1.0,0.0,0.0,0.0
barusan temen satunya cerita minjem duit janji kaga dibayar ,,anger,0.0,0.0,0.0,0.0,1.0
pelajari akun kerap memposting foto seronok ,,sadness,0.0,0.0,0.0,1.0,0.0
udah pacar trus pergi nonton bioskop orang nontonnya pacar mulu ,,sadness,0.0,0.0,0.0,1.0,0.0
emang bener fromm cinta sempurna didasari knowledge ,,love,0.0,0.0,1.0,0.0,0.0
happy birthday sender wish best ,,joy,0.0,1.0,0.0,0.0,0.0
berdoa dimanapun dasarnya kangen usahain minggu ketemu papalove much daddy sayang papaa bersyukur papa masi hidup papa slalu sayang ,,love,0.0,0.0,1.0,0.0,0.0
setuju korupsi takut bicara takut ditelanjangi berani bicara ,,anger,0.0,0.0,0.0,0.0,1.0
orang kalo seneng ngobrol ngobrolnya pura ngapain ,,joy,0.0,1.0,0.0,0.0,0.0
ketawa,,love,0.0,0.0,1.0,0.0,0.0
situasi membuatmu marah mengguncang dunia shaketheworld ,,anger,0.0,0.0,0.0,0.0,1.0
ilcbpip travel meler anti asing bicara pake gaya asing mulut bikin kiyai ,,sadness,0.0,0.0,0.0,1.0,0.0
giliran lantai produksi mastiin nanyain langsung tulis digangguin ,,anger,0.0,0.0,0.0,0.0,1.0
membalas status bang ,,joy,0.0,1.0,0.0,0.0,0.0
suka bilang ,,love,0.0,0.0,1.0,0.0,0.0
melawan dorongan menghancurkan ,,anger,0.0,0.0,0.0,0.0,1.0
ngapain rame mikir nyari baju lebaran ,,sadness,0.0,0.0,0.0,1.0,0.0
sialan teman hahaha ,,anger,0.0,0.0,0.0,0.0,1.0
menamai,,love,0.0,0.0,1.0,0.0,0.0
indah bibir umat manusia ,,love,0.0,0.0,1.0,0.0,0.0
tamu terimakasih acara ,,love,0.0,0.0,1.0,0.0,0.0
nona takut ,,sadness,0.0,0.0,0.0,1.0,0.0
menemukan brilian muncul ,,love,6.561228152638037e-131,0.0,1.0,0.0,0.0
definitely caca ,,anger,0.0,0.0,0.0,0.0,1.0
merasakan cinta terindah ketahuilah tiada cinta indah cinta kekasih ,,love,0.0,0.0,1.0,0.0,0.0
liat bener bener dengerin seksama nissa sabyan daun asli rusak rusaknya suara flawless bening benerrr kaya gelas beling abis dicuci pake unlight bersih bersinar gitu heran ,,joy,0.0,1.0,0.0,0.0,0.0
sayang,,love,0.0,0.0,1.0,0.0,0.0
mbak hobi carmuk pahlawan kebengenan serah serah ,,anger,0.0,4.043917460383991e-307,0.0,3.551586414555684e-112,1.0
cinta berbicara mata wordlesslove ,,love,0.0,0.0,1.0,0.0,0.0
kalo konteks suka pake alesan kayak suka ganteng kalo konteks sayang ,,sadness,0.0,0.0,0.0,1.0,0.0
semenjak status udah kali dikomen hahaha karna jarang ngobrol baca udah gemesh ,,sadness,0.0,1.668209263206e-312,0.0,1.0,0.0
please username jaringan wifi telkom lemot serumah beda lantai ,,anger,0.0,0.0,0.0,0.0,1.0
surat edaran maintain daerah sampe listrik hidup telat dikit bayar tagihan langsung denda mati listrik mulu dapet potongan username ,,sadness,0.0,0.0,0.0,1.0,0.0
susahnya mengapresiasi dilakuin oranglain ngasih ,,love,0.0,0.0,1.0,0.0,0.0
username username username anggap saudara mreka membubarkan acara ustadz tausiah ilmu mikir dikit napa ,,anger,0.0,0.0,0.0,0.0,1.0
nggak ngerti ciwi ciwi nyinyirin vallen korban sesusah support gurlzz ,,joy,0.0,1.0,0.0,0.0,0.0
berani berbuat salah berani maaf manusia disetiap ,,anger,0.0,0.0,0.0,0.0,1.0
ngehujat membiarkan sexual harassment merajalela goblok dilecehin suruh marah ,,anger,0.0,0.0,0.0,0.0,1.0
kangen,,love,0.0,0.0,1.0,0.0,0.0
menghancurkan sekitarku amarahku ,,anger,0.0,0.0,0.0,0.0,1.0
berfikir tersenyum bahagia berfikir mencoba bertahan sngt keras dlmnya sngt sngt egois qyara kuharap dimasa depn bertemu sosok sepertiku sngt memuakan ,,sadness,0.0,0.0,0.0,1.0,0.0
momen terhubung emosi pikiran ,,love,0.0,0.0,1.0,0.0,0.0
seneng banget dengernya congrats sidang nungguin wisuda digandeng yuhoee ,,sadness,0.0,0.0,0.0,1.0,0.0
terima kasih temen basis username bersedia meluangkan panitia semoga allah senantiasa rezeki halal berkah ,,anger,0.0,0.0,0.0,0.0,1.0
jalan rame orang jualan liat dagang baju baju tulisannya gantipresiden gila mesti sampe kaya gitunya kadang bingung orang indonesia bersyukurnya ,,anger,0.0,0.0,0.0,0.0,1.0
self titled idris haikal jago bikin ambience nada sigmun ,,joy,0.0,1.0,0.0,0.0,0.0
berharap pindah rumah ,,sadness,0.0,0.0,0.0,1.0,0.0
dear username sang penerima penghargaan travel tourism awards predilat bintang skytrax berkali telpon call center email pengaduan customer care nomor pengaduan complain ditindak lanjuti ,,anger,0.0,0.0,0.0,0.0,1.0
manfaat pengecut ,,joy,0.0,1.0,0.0,0.0,0.0
,,love,0.0,0.0,1.0,0.0,0.0
sampe kepikiran mahasiswa suicide skripsi pressure orang takut kalo kayak ,,joy,0.0,1.0,0.0,0.0,0.0
hati terbakar kemarahan sulit kutahan ,,anger,0.0,0.0,0.0,0.0,1.0
username username presiden badan executive badan legislative ,,sadness,0.0,0.0,0.0,1.0,0.0
kebiasaan kekamar mandi malem berhubung kamarmandinya dibenerin pake kamarmandi kamarmandinya serem scared ,,joy,0.0,1.0,0.0,0.0,0.0
seharian surabaya macet lampu merah dibikin samping bank mega darmo darmo macet bukanya lancar curcol surabaya surabayamacet ,,anger,0.0,0.0,0.0,0.0,1.0
modern gaya hidupmu ,,sadness,0.0,0.0,0.0,1.0,0.0
sekedar mencoba sempurna memperpanjang durasinya sajak detik sajakrindu diam tanyajawab janganpergi ,,joy,0.0,1.0,0.0,0.0,0.0
username username rakyat geruduglah kantor media pukullah wartawannya silakan melanggar hukum username ,,anger,0.0,0.0,0.0,0.0,1.0
terserahlah ngatain ,,anger,0.0,0.0,0.0,3.867123336143523e-45,1.0
survey cewek bilang cowok omonganya pegang mitos gaes cewek ,,fear,1.0,0.0,0.0,0.0,0.0
momen perasaan takut membuatmu terjebak labirin kecemasan berujung eternalanxiety ,,fear,1.0,0.0,0.0,0.0,0.0
username aneh honorer karyawan diatur ketenaga kerjaan kewajiban kayaknya kelapangan memonitor sistem kerja skpd ,,anger,0.0,0.0,0.0,0.0,1.0
stress gigi susu goyang takut kalo copot gabisa tumbuh huhuhuhuhu tolong ,,sadness,0.0,0.0,0.0,1.0,0.0
kalo bisnis udah makan uang rumah tangga ngegerus ,,fear,1.0,0.0,0.0,4.023461252091367e-89,0.0
makasih udah bertahan sampe rumahnya jarang aktif sayang roro pake banget ,,love,0.0,0.0,1.0,0.0,0.0
username memegang peraturan ,,joy,0.0,1.0,0.0,0.0,0.0
tnya nawarin ,,joy,0.0,1.0,0.0,0.0,0.0
uang candu bikin hepi kalo ,,fear,1.0,0.0,0.0,0.0,0.0
membenci,,sadness,0.0,0.0,0.0,1.0,0.0
bukti numpuk deflasi keberanian lihat munir buktinya lihat udin ,,love,0.0,0.0,1.0,0.0,0.0
bundling ditawarkan weekdays momentum harga harga hotel singapura bertarif viwihotdealsformiddleeast ,,fear,1.0,0.0,0.0,0.0,0.0
sudi,,anger,0.0,0.0,0.0,0.0,1.0
diam omongin ndak diam hahah bagusan ndak diam diam ngoceh ,,sadness,0.0,0.0,0.0,1.0,0.0
momen mengenal eternalconnection ,,love,0.0,0.0,1.0,0.0,0.0
baguslah ateis muridnya mumun mengaku menyembah teori darwin konyol tahayul selamat ,,anger,0.0,0.0,0.0,0.0,1.0
cinta menghargai momen habiskan ,,love,0.0,0.0,1.0,0.0,0.0
kesendirian memaksaku berjalan ,,sadness,0.0,0.0,0.0,1.0,0.0
username username berisik emamg mendingan sumpel kntr sepi jepangnya doyan dgrin lagu sumpelan bosen abisnya ,,joy,0.0,1.0,0.0,0.0,0.0
pemerintah mungsuh pemerintah teliti ,,anger,0.0,0.0,0.0,0.0,1.0
happy wedding elizasekar semoga langgeng kakek nenek wedding weddingparty weddingtradisional adatjawa ,,joy,0.0,1.0,0.0,0.0,0.0
like circle stupidity atlit diurusin ,,joy,0.0,1.0,0.0,0.0,0.0
waallahu alam ,,love,0.0,0.0,1.0,0.0,0.0
kawan mengeluh disuruh bapaknya ,,joy,0.0,1.0,0.0,0.0,0.0
tipe orang kepala langsung dikeluarin koar koar social media tere liye mario teguh mengeluarkan bijak menginspirasi terpuruk bahagia actually koar koar ,,anger,0.0,0.0,0.0,0.0,1.0
kabur bangga ,,anger,0.0,0.0,0.0,0.0,1.0
beda banget tanah rantau bener bener sadar kalo orang bahagia ,,love,0.0,0.0,1.0,0.0,0.0
dsuruh berdoa mudah besok pagi cewek cantik ,,anger,0.0,0.0,0.0,0.0,1.0
kasian anas orang percaya ente korupsi fakta kasasi artidjo pensiun maksudnya ente mengharap putusan artidjo nambah hukuman ditelikung hakim ,,anger,0.0,0.0,0.0,0.0,1.0
jaman hutang tembus ,,fear,1.0,0.0,0.0,0.0,0.0
beuh cikarang penuhnya sesak petugas kemana penuh sesak gitumah jalan kesana kemari atuh petugasnya lapor gimana pelecehan hajar ditempat pelakunya ,,sadness,0.0,0.0,0.0,1.0,0.0
baiklah sembari menikmati hidangan performance oppa ganteng tepuk tangannya meriah ,,joy,0.0,1.0,0.0,0.0,0.0
username,,love,0.0,0.0,1.0,0.0,0.0
soan ngeprank keseel ,,love,0.0,0.0,1.0,0.0,0.0
kalinya pergi kehotel pakai mandi pakai sendal jepit udah gembel ,,sadness,0.0,0.0,0.0,1.0,0.0
ceritanya semalam bubar ,,fear,1.0,0.0,0.0,0.0,0.0
cinta energi habis ,,love,0.0,0.0,1.0,0.0,0.0
momen meluapkan kemarahanmu ,,anger,0.0,0.0,0.0,0.0,1.0
otak goblok diajak bicara kemanapun menang kiri kanan salah salah kecuali ngikut bener itupun mslh disalahin serah ,,sadness,0.0,0.0,0.0,1.0,0.0
warga,,anger,5.288927226103057e-166,0.0,0.0,0.0,1.0
frustrasi marah situasi kunjung membaik frustration ,,anger,0.0,0.0,0.0,0.0,1.0
ngecengin gaes username username username ,,fear,1.0,0.0,0.0,0.0,0.0
kali ngetwit muncul friendster marak merajalela dimana kenakalan remaja berangsur angsur melebur meraih cita indahnya thankyoutwitter harijaditwittersaya ,,sadness,0.0,0.0,0.0,1.0,0.0
rindu bisik telingaku seraya semoga kelak anak berguna orang semoga menyayangi orang ,,sadness,0.0,0.0,0.0,1.0,0.0
mkasih selamat ulang ,,love,0.0,0.0,1.0,0.0,0.0
username username username username emang bener emang kamun pintar emang pendidikan amrik nilai emang ornah rektor emang kontribusi terhadp negara jwbnnya ,,anger,0.0,0.0,0.0,0.0,1.0
alhamdulillaaaaah alloh engkau kesempatan kebanggan orang senantiasa kasih sayang semoga kedepannya kebahagiaan kepda ,,sadness,0.0,0.0,0.0,1.0,0.0
pikiranku penuh kengerian mendekati rumah ditinggalkan ,,fear,1.0,0.0,0.0,0.0,0.0
kali baca kisah zaman nabi ,,joy,0.0,1.0,0.0,0.0,0.0
bersamamu,,love,0.0,0.0,1.0,0.0,0.0
lucky,,joy,0.0,1.0,0.0,0.0,0.0
piyik asai nanami sayang cinta yaallah bangganya diriku sayang yaallah deep voicenya bagus bngt yaallah yaallah lucu bngt manusia ,,fear,1.0,0.0,0.0,0.0,0.0
dasar mental maling diringkus salam metal maling maling ,,anger,0.0,0.0,0.0,0.0,1.0
,,love,0.0,0.0,1.0,0.0,0.0
sabar sayang ,,love,0.0,0.0,1.0,0.0,0.0
bumbu kasih sayang masak menu favorit semur lidah sapi badranaya dihidangkan untukmu duhai pujaan hati ,,joy,0.0,1.0,0.0,0.0,0.0
restu orang emang gilingan udah mentok nyari literatur tambahan ,,sadness,0.0,0.0,0.0,1.0,0.0
marah sakit fisik physicallyhurting ,,love,0.0,0.0,1.0,0.0,0.0
berjuang menahan kemarahan menggelegak ,,anger,0.0,0.0,0.0,0.0,1.0
hidup dedikasikan peruntukkan contoh rela mengubur mimpi memperjuangkan cita cita sesayang merasakan sulitnya hidup lalui ,,love,0.0,0.0,1.0,0.0,0.0
mudah terupload smua mudik karna fans modal quota butuh daerah jaringan bagus hiksss hitungan slsi kalo donlot rumahku ,,anger,0.0,0.0,0.0,0.0,1.0
emang sepele bikin ngedown ,,fear,1.0,0.0,8.758162793128547e-245,0.0,0.0
momen terhubung emosi pikiran ,,love,0.0,0.0,1.0,0.0,0.0
username username username username uang konsumsi buka puasa bareng anak yatim dibayarkan katering ,,sadness,0.0,7.430826052501524e-214,0.0,1.0,0.0
ngobrol,,love,0.0,0.0,1.0,0.0,0.0
keahlian cewek kalo udah sayang banget mempertahankan ,,love,0.0,0.0,1.0,0.0,0.0
sbagai pribadi katolik bangga yesus dlam hidup sbesar apapun msalah hidup ,,anger,0.0,0.0,0.0,0.0,1.0
maju pelajaran ,,anger,0.0,0.0,0.0,0.0,1.0
desain razer banget modern bezel tipis kemampuan gaming spek desain elegan hipnotis apple pudar contoh username ,,joy,0.0,1.0,0.0,0.0,0.0
username only educated isteri ,,sadness,0.0,0.0,0.0,1.0,0.0
terjebak pusaran takut sulit melawan whirlpooloffear ,,fear,1.0,0.0,0.0,0.0,0.0
username kaco manusiawi ,,love,0.0,0.0,1.0,0.0,0.0
marah membuatmu memutar ulang amukanmu timewarper ,,anger,0.0,0.0,0.0,0.0,1.0
tokoh capres abadi gagal laluny benci allah prabocor otakny bocor bocor bocor pengikutny otakny moter username username username ,,anger,0.0,0.0,0.0,0.0,1.0
kartu pria wanita sikapmu baiknya tinggalkan pintar darimu miliki ,,sadness,0.0,0.0,0.0,1.0,0.0
mengenalnya,,love,0.0,0.0,1.0,0.0,0.0
username email traveloka telfon call center cuman kali karna berfaedah trus nyepam facebook penuh makian garuda malemnya masuk transferannya wqwq tergantung maskapai kayaknya soale sodaraku ,,joy,0.0,1.0,0.0,0.0,0.0
happy mensive kaliannn langgeng ,,love,0.0,0.0,1.0,0.0,0.0
prof,,fear,1.0,0.0,0.0,0.0,0.0
commuting pagi bintara pejambon ,,love,0.0,0.0,1.0,0.0,0.0
,,love,0.0,0.0,1.0,0.0,0.0
sumpah alah cowoknya malu alay diajak chesecake factory lalalayeyeyeye ,,love,0.0,0.0,1.0,0.0,0.0
slalu bersamakuu cinta membuatku bertahan tanah asing ,,love,0.0,0.0,1.0,0.0,0.0
maaf polisi jaksa dibiarkan efek jera pelajaran ,,anger,0.0,0.0,0.0,0.0,1.0
jokowi rezim menteri korup percaya adakan pembuktian terbalik korupsi ,,anger,0.0,0.0,0.0,0.0,1.0
cinta rencanakan cinta cinta sejati sengaja detak jantung irama menghasilkan moment penuh arti keseleocinta efekgabisatidur ,,love,0.0,0.0,1.0,0.0,0.0
pintu berderik derik terbuka ,,fear,1.0,0.0,0.0,0.0,0.0
orang habis pikir orang menganggap wajar menyalahkan vallen dianggap lebay ,,anger,0.0,0.0,0.0,0.0,1.0
melawan sibuk selasamu ,,love,0.0,0.0,1.0,0.0,0.0
momen mendalam terhubung energi positif ,,love,0.0,0.0,1.0,0.0,0.0
bekasi sayangnya terelakkan bekasi panas banget bekasi weekend sore malam macet banget diatasin panas pake ngindarin macet rencanakan jadwal rumah ,,sadness,0.0,0.0,0.0,1.0,0.0
happy mensive love makasih nemenin kerasa perjalanannya ,,sadness,0.0,0.0,0.0,1.0,0.0
